,Active,Case-Fatality_Ratio,Combined_Key,Confirmed,Country/Region,County,Date,Deaths,Incidence_Rate,Latitude,Longitude,Province/State,Recovered,Difference
0,0.0,,"Kings, New York, US",0,US,Kings,03-22-2020,0,,40.6361825,-73.94935552,New York,0,
1,0.0,,"Kings, New York, US",0,US,Kings,03-23-2020,0,,40.636182500000004,-73.94935552,New York,0,0.0
2,0.0,,"Kings, New York, US",0,US,Kings,03-24-2020,0,,40.636182500000004,-73.94935552,New York,0,0.0
3,0.0,,"Kings, New York, US",0,US,Kings,03-25-2020,0,,40.636182500000004,-73.94935552,New York,0,0.0
4,0.0,,"Kings, New York, US",0,US,Kings,03-26-2020,0,,40.636182500000004,-73.94935552,New York,0,0.0
5,0.0,,"Kings, New York, US",0,US,Kings,03-27-2020,0,,40.636182500000004,-73.94935552,New York,0,0.0
6,0.0,,"Kings, New York, US",0,US,Kings,03-28-2020,0,,40.6361825,-73.94935552,New York,0,0.0
7,0.0,,"Kings, New York, US",0,US,Kings,03-29-2020,0,,40.6361825,-73.94935552,New York,0,0.0
8,0.0,,"Kings, New York, US",0,US,Kings,03-30-2020,0,,40.6361825,-73.94935552,New York,0,0.0
9,57708.0,11.215729714760457,"Kings, New York, US",64998,US,Kings,08-31-2020,7290,2539.0805823501905,40.6361825,-73.94935552,New York,0,64998.0
10,57828.0,11.195061273380633,"Kings, New York, US",65118,US,Kings,09-01-2020,7290,2543.768259969225,40.6361825,-73.94935552,New York,0,120.0
11,57911.0,11.18081011027438,"Kings, New York, US",65201,US,Kings,09-02-2020,7290,2547.0105703223912,40.6361825,-73.94935552,New York,0,83.0
12,58039.0,11.157543472936569,"Kings, New York, US",65328,US,Kings,09-03-2020,7289,2551.9716958025365,40.6361825,-73.94935552,New York,0,127.0
13,58150.0,11.13997555012225,"Kings, New York, US",65440,US,Kings,09-04-2020,7290,2556.346861580302,40.6361825,-73.94935552,New York,0,112.0
14,58247.0,11.12755569118096,"Kings, New York, US",65540,US,Kings,09-05-2020,7293,2560.2532595961648,40.6361825,-73.94935552,New York,0,100.0
15,58333.0,11.112973516594034,"Kings, New York, US",65626,US,Kings,09-06-2020,7293,2563.612761889806,40.6361825,-73.94935552,New York,0,86.0
16,58403.0,11.10654490106545,"Kings, New York, US",65700,US,Kings,09-07-2020,7297,2566.503496421544,40.6361825,-73.94935552,New York,0,74.0
17,58459.0,11.098438189090137,"Kings, New York, US",65757,US,Kings,09-08-2020,7298,2568.7301432905856,40.6361825,-73.94935552,New York,0,57.0
18,58521.0,11.087983712909644,"Kings, New York, US",65819,US,Kings,09-09-2020,7298,2571.1521100604205,40.6361825,-73.94935552,New York,0,62.0
19,58630.0,11.071000621881117,"Kings, New York, US",65929,US,Kings,09-10-2020,7299,2575.449147877869,40.6361825,-73.94935552,New York,0,110.0
20,58710.0,11.057583056855883,"Kings, New York, US",66009,US,Kings,09-11-2020,7299,2578.5742662905586,40.6361825,-73.94935552,New York,0,80.0
21,58818.0,11.048938358236036,"Kings, New York, US",66124,US,Kings,09-12-2020,7306,2583.0666240088003,40.6361825,-73.94935552,New York,0,115.0
22,58891.0,11.03675393,"Kings, New York, US",66197,US,Kings,09-13-2020,7306,2585.918295,40.6361825,-73.94935552,New York,0,73.0
23,58968.0,11.023930953315025,"Kings, New York, US",66274,US,Kings,09-14-2020,7306,2588.9262210325933,40.6361825,-73.94935552,New York,0,77.0
24,59072.0,11.010680767086964,"Kings, New York, US",66381,US,Kings,09-15-2020,7309,2593.106066909567,40.6361825,-73.94935552,New York,0,107.0
25,59157.0,10.99927785,"Kings, New York, US",66468,US,Kings,09-16-2020,7311,2596.504633,40.6361825,-73.94935552,New York,0,87.0
26,59274.0,10.98128736,"Kings, New York, US",66586,US,Kings,09-17-2020,7312,2601.114183,40.6361825,-73.94935552,New York,0,118.0
27,59423.0,10.95943779,"Kings, New York, US",66737,US,Kings,09-18-2020,7314,2607.0128440000008,40.6361825,-73.94935552,New York,0,151.0
28,59656.0,10.92263816,"Kings, New York, US",66971,US,Kings,09-19-2020,7315,2616.153815,40.6361825,-73.94935552,New York,0,234.0
29,59818.0,10.90026215,"Kings, New York, US",67136,US,Kings,09-20-2020,7318,2622.599372,40.6361825,-73.94935552,New York,0,165.0
30,59909.0,10.88550731,"Kings, New York, US",67227,US,Kings,09-21-2020,7318,2626.154194,40.6361825,-73.94935552,New York,0,91.0
31,60072.0,10.86050066,"Kings, New York, US",67391,US,Kings,09-22-2020,7319,2632.560687,40.6361825,-73.94935552,New York,0,164.0
32,60191.0,10.84135684,"Kings, New York, US",67510,US,Kings,09-23-2020,7319,2637.209301000001,40.6361825,-73.94935552,New York,0,119.0
33,60396.0,10.81117002,"Kings, New York, US",67717,US,Kings,09-24-2020,7321,2645.295544,40.6361825,-73.94935552,New York,0,207.0
34,60569.0,10.78624875,"Kings, New York, US",67892,US,Kings,09-25-2020,7323,2652.131741,40.6361825,-73.94935552,New York,0,175.0
35,60772.0,10.75409355,"Kings, New York, US",68095,US,Kings,09-26-2020,7323,2660.061729,40.6361825,-73.94935552,New York,0,203.0
36,60953.0,10.72950688,"Kings, New York, US",68279,US,Kings,09-27-2020,7326,2667.249501,40.6361825,-73.94935552,New York,0,184.0
37,61135.0,10.702287400309661,"Kings, New York, US",68462,US,Kings,09-28-2020,7327,2674.398209619661,40.6361825,-73.94935552,New York,0,183.0
38,61329.0,10.674648256576072,"Kings, New York, US",68658,US,Kings,09-29-2020,7329,2682.054749730752,40.6361825,-73.94935552,New York,0,196.0
39,61514.0,10.647260472953343,"Kings, New York, US",68844,US,Kings,09-30-2020,7330,2689.3206500402553,40.6361825,-73.94935552,New York,0,186.0
40,61733.0,10.612203527265356,"Kings, New York, US",69062,US,Kings,10-01-2020,7329,2697.836597714835,40.6361825,-73.94935552,New York,0,218.0
41,61982.0,10.584399659545005,"Kings, New York, US",69319,US,Kings,10-02-2020,7337,2707.8760406156016,40.6361825,-73.94935552,New York,0,257.0
42,62339.0,10.53145227262942,"Kings, New York, US",69677,US,Kings,10-03-2020,7338,2721.8609455123888,40.6361825,-73.94935552,New York,0,358.0
43,62594.0,10.494330287560947,"Kings, New York, US",69933,US,Kings,10-04-2020,7339,2731.8613244329963,40.6361825,-73.94935552,New York,0,256.0
44,62791.0,10.466127675350416,"Kings, New York, US",70131,US,Kings,10-05-2020,7340,2739.5959925044035,40.6361825,-73.94935552,New York,0,198.0
45,63012.0,10.435796116780852,"Kings, New York, US",70354,US,Kings,10-06-2020,7342,2748.307260079777,40.6361825,-73.94935552,New York,0,223.0
46,63271.0,10.401325478645068,"Kings, New York, US",70616,US,Kings,10-07-2020,7345,2758.542022881336,40.6361825,-73.94935552,New York,0,262.0
47,63553.0,10.361218070776738,"Kings, New York, US",70899,US,Kings,10-08-2020,7346,2769.597129266226,40.6361825,-73.94935552,New York,0,283.0
48,63852.0,10.318965154004973,"Kings, New York, US",71199,US,Kings,10-09-2020,7347,2781.316323313813,40.6361825,-73.94935552,New York,0,300.0
49,64085.0,10.289073983341499,"Kings, New York, US",71435,US,Kings,10-10-2020,7350,2790.535422631249,40.6361825,-73.94935552,New York,0,236.0
50,64283.0,10.263139526767642,"Kings, New York, US",71635,US,Kings,10-11-2020,7352,2798.348218662973,40.6361825,-73.94935552,New York,0,200.0
51,64403.0,10.24722671274876,"Kings, New York, US",71756,US,Kings,10-12-2020,7353,2803.0749602621668,40.6361825,-73.94935552,New York,0,121.0
52,64586.0,10.22365549547546,"Kings, New York, US",71941,US,Kings,10-13-2020,7355,2810.3017965915114,40.6361825,-73.94935552,New York,0,185.0
53,64803.0,10.194154575312847,"Kings, New York, US",72159,US,Kings,10-14-2020,7356,2818.8177442660913,40.6361825,-73.94935552,New York,0,218.0
54,65008.0,10.17148226450552,"Kings, New York, US",72369,US,Kings,10-15-2020,7361,2827.021180099402,40.6361825,-73.94935552,New York,0,210.0
55,65233.0,10.144907573211382,"Kings, New York, US",72598,US,Kings,10-16-2020,7365,2835.966831555727,40.6361825,-73.94935552,New York,0,229.0
56,65528.0,10.105084094712868,"Kings, New York, US",72894,US,Kings,10-17-2020,7366,2847.5297696826788,40.6361825,-73.94935552,New York,0,296.0
57,0.0,,"Lewis, New York, US",0,US,Lewis,03-22-2020,0,,43.7844157,-75.44903992,New York,0,-72894.0
58,0.0,,"Lewis, New York, US",0,US,Lewis,03-23-2020,0,,43.784415700000004,-75.44903992,New York,0,0.0
59,0.0,,"Lewis, New York, US",0,US,Lewis,03-24-2020,0,,43.784415700000004,-75.44903992,New York,0,0.0
60,0.0,,"Lewis, New York, US",0,US,Lewis,03-25-2020,0,,43.784415700000004,-75.44903992,New York,0,0.0
61,0.0,,"Lewis, New York, US",0,US,Lewis,03-26-2020,0,,43.784415700000004,-75.44903992,New York,0,0.0
62,0.0,,"Lewis, New York, US",0,US,Lewis,03-27-2020,0,,43.784415700000004,-75.44903992,New York,0,0.0
63,0.0,,"Lewis, New York, US",0,US,Lewis,03-28-2020,0,,43.7844157,-75.44903992,New York,0,0.0
64,0.0,,"Lewis, New York, US",0,US,Lewis,03-29-2020,0,,43.7844157,-75.44903992,New York,0,0.0
65,0.0,,"Lewis, New York, US",0,US,Lewis,03-30-2020,0,,43.7844157,-75.44903992,New York,0,0.0
66,0.0,,"Lewis, New York, US",2,US,Lewis,03-31-2020,0,,43.784415700000004,-75.44903992,New York,0,2.0
67,0.0,,"Lewis, New York, US",2,US,Lewis,04-01-2020,0,,43.784415700000004,-75.44903992,New York,0,0.0
68,0.0,,"Lewis, New York, US",2,US,Lewis,04-02-2020,0,,43.7844157,-75.44903992,New York,0,0.0
69,0.0,,"Lewis, New York, US",2,US,Lewis,04-03-2020,0,,43.784415700000004,-75.44903992,New York,0,0.0
70,0.0,,"Lewis, New York, US",2,US,Lewis,04-04-2020,0,,43.7844157,-75.44903992,New York,0,0.0
71,0.0,,"Lewis, New York, US",3,US,Lewis,04-05-2020,0,,43.784415700000004,-75.44903992,New York,0,1.0
72,0.0,,"Lewis, New York, US",6,US,Lewis,04-06-2020,0,,43.7844157,-75.44903992,New York,0,3.0
73,0.0,,"Lewis, New York, US",6,US,Lewis,04-07-2020,0,,43.784415700000004,-75.44903992,New York,0,0.0
74,0.0,,"Lewis, New York, US",6,US,Lewis,04-08-2020,0,,43.784415700000004,-75.44903992,New York,0,0.0
75,0.0,,"Lewis, New York, US",6,US,Lewis,04-09-2020,0,,43.784415700000004,-75.44903992,New York,0,0.0
76,0.0,,"Lewis, New York, US",6,US,Lewis,04-10-2020,0,,43.784415700000004,-75.44903992,New York,0,0.0
77,0.0,,"Lewis, New York, US",6,US,Lewis,04-11-2020,0,,43.784415700000004,-75.44903992,New York,0,0.0
78,6.0,,"Lewis, New York, US",6,US,Lewis,04-12-2020,0,,43.7844157,-75.44903992,New York,0,0.0
79,6.0,,"Lewis, New York, US",6,US,Lewis,04-13-2020,0,,43.784415700000004,-75.44903992,New York,0,0.0
80,7.0,,"Lewis, New York, US",7,US,Lewis,04-14-2020,0,,43.784415700000004,-75.44903992,New York,0,1.0
81,7.0,,"Lewis, New York, US",7,US,Lewis,04-15-2020,0,,43.784415700000004,-75.44903992,New York,0,0.0
82,8.0,,"Lewis, New York, US",8,US,Lewis,04-16-2020,0,,43.784415700000004,-75.44903992,New York,0,1.0
83,8.0,,"Lewis, New York, US",8,US,Lewis,04-17-2020,0,,43.784415700000004,-75.44903992,New York,0,0.0
84,8.0,,"Lewis, New York, US",8,US,Lewis,04-18-2020,0,,43.7844157,-75.44903992,New York,0,0.0
85,8.0,,"Lewis, New York, US",8,US,Lewis,04-19-2020,0,,43.7844157,-75.44903992,New York,0,0.0
86,9.0,,"Lewis, New York, US",9,US,Lewis,04-20-2020,0,,43.7844157,-75.44903992,New York,0,1.0
87,9.0,,"Lewis, New York, US",9,US,Lewis,04-21-2020,0,,43.7844157,-75.44903992,New York,0,0.0
88,9.0,,"Lewis, New York, US",9,US,Lewis,04-22-2020,0,,43.7844157,-75.44903992,New York,0,0.0
89,9.0,,"Lewis, New York, US",9,US,Lewis,04-23-2020,0,,43.7844157,-75.44903992,New York,0,0.0
90,9.0,,"Lewis, New York, US",9,US,Lewis,04-24-2020,0,,43.7844157,-75.44903992,New York,0,0.0
91,9.0,,"Lewis, New York, US",9,US,Lewis,04-25-2020,0,,43.7844157,-75.44903992,New York,0,0.0
92,9.0,,"Lewis, New York, US",9,US,Lewis,04-26-2020,0,,43.7844157,-75.44903992,New York,0,0.0
93,9.0,,"Lewis, New York, US",9,US,Lewis,04-27-2020,0,,43.7844157,-75.44903992,New York,0,0.0
94,9.0,,"Lewis, New York, US",9,US,Lewis,04-28-2020,0,,43.7844157,-75.44903992,New York,0,0.0
95,9.0,,"Lewis, New York, US",9,US,Lewis,04-29-2020,0,,43.784415700000004,-75.44903992,New York,0,0.0
96,9.0,,"Lewis, New York, US",9,US,Lewis,04-30-2020,0,,43.784415700000004,-75.44903992,New York,0,0.0
97,9.0,,"Lewis, New York, US",9,US,Lewis,05-01-2020,0,,43.784415700000004,-75.44903992,New York,0,0.0
98,9.0,,"Lewis, New York, US",9,US,Lewis,05-02-2020,0,,43.784415700000004,-75.44903992,New York,0,0.0
99,9.0,,"Lewis, New York, US",9,US,Lewis,05-03-2020,0,,43.784415700000004,-75.44903992,New York,0,0.0
100,9.0,,"Lewis, New York, US",9,US,Lewis,05-04-2020,0,,43.784415700000004,-75.44903992,New York,0,0.0
101,9.0,,"Lewis, New York, US",9,US,Lewis,05-05-2020,0,,43.784415700000004,-75.44903992,New York,0,0.0
102,9.0,,"Lewis, New York, US",9,US,Lewis,05-06-2020,0,,43.784415700000004,-75.44903992,New York,0,0.0
103,10.0,,"Lewis, New York, US",10,US,Lewis,05-07-2020,0,,43.784415700000004,-75.44903992,New York,0,1.0
104,10.0,,"Lewis, New York, US",10,US,Lewis,05-08-2020,0,,43.7844157,-75.44903992,New York,0,0.0
105,11.0,,"Lewis, New York, US",11,US,Lewis,05-09-2020,0,,43.7844157,-75.44903992,New York,0,1.0
106,11.0,,"Lewis, New York, US",11,US,Lewis,05-10-2020,0,,43.7844157,-75.44903992,New York,0,0.0
107,11.0,,"Lewis, New York, US",11,US,Lewis,05-11-2020,0,,43.7844157,-75.44903992,New York,0,0.0
108,11.0,,"Lewis, New York, US",11,US,Lewis,05-12-2020,0,,43.7844157,-75.44903992,New York,0,0.0
109,11.0,,"Lewis, New York, US",11,US,Lewis,05-13-2020,0,,43.7844157,-75.44903992,New York,0,0.0
110,12.0,,"Lewis, New York, US",12,US,Lewis,05-14-2020,0,,43.7844157,-75.44903992,New York,0,1.0
111,12.0,,"Lewis, New York, US",12,US,Lewis,05-15-2020,0,,43.7844157,-75.44903992,New York,0,0.0
112,13.0,,"Lewis, New York, US",13,US,Lewis,05-16-2020,0,,43.7844157,-75.44903992,New York,0,1.0
113,16.0,,"Lewis, New York, US",16,US,Lewis,05-17-2020,0,,43.7844157,-75.44903992,New York,0,3.0
114,17.0,,"Lewis, New York, US",17,US,Lewis,05-18-2020,0,,43.7844157,-75.44903992,New York,0,1.0
115,18.0,,"Lewis, New York, US",18,US,Lewis,05-19-2020,0,,43.7844157,-75.44903992,New York,0,1.0
116,18.0,,"Lewis, New York, US",18,US,Lewis,05-20-2020,0,,43.7844157,-75.44903992,New York,0,0.0
117,18.0,,"Lewis, New York, US",18,US,Lewis,05-21-2020,0,,43.7844157,-75.44903992,New York,0,0.0
118,19.0,,"Lewis, New York, US",19,US,Lewis,05-22-2020,0,,43.7844157,-75.44903992,New York,0,1.0
119,19.0,,"Lewis, New York, US",19,US,Lewis,05-23-2020,0,,43.7844157,-75.44903992,New York,0,0.0
120,19.0,,"Lewis, New York, US",19,US,Lewis,05-24-2020,0,,43.7844157,-75.44903992,New York,0,0.0
121,19.0,,"Lewis, New York, US",19,US,Lewis,05-25-2020,0,,43.7844157,-75.44903992,New York,0,0.0
122,20.0,,"Lewis, New York, US",20,US,Lewis,05-26-2020,0,,43.7844157,-75.44903992,New York,0,1.0
123,20.0,,"Lewis, New York, US",20,US,Lewis,05-27-2020,0,,43.7844157,-75.44903992,New York,0,0.0
124,20.0,,"Lewis, New York, US",20,US,Lewis,05-28-2020,0,,43.7844157,-75.44903992,New York,0,0.0
125,20.0,0.0,"Lewis, New York, US",20,US,Lewis,05-29-2020,0,76.057195010648,43.7844157,-75.44903992,New York,0,0.0
126,20.0,0.0,"Lewis, New York, US",20,US,Lewis,05-30-2020,0,76.057195010648,43.7844157,-75.44903992,New York,0,0.0
127,20.0,0.0,"Lewis, New York, US",20,US,Lewis,05-31-2020,0,76.057195010648,43.7844157,-75.44903992,New York,0,0.0
128,20.0,0.0,"Lewis, New York, US",20,US,Lewis,06-01-2020,0,76.057195010648,43.7844157,-75.44903992,New York,0,0.0
129,20.0,0.0,"Lewis, New York, US",20,US,Lewis,06-02-2020,0,76.057195010648,43.7844157,-75.44903992,New York,0,0.0
130,20.0,0.0,"Lewis, New York, US",20,US,Lewis,06-03-2020,0,76.057195010648,43.7844157,-75.44903992,New York,0,0.0
131,20.0,0.0,"Lewis, New York, US",20,US,Lewis,06-04-2020,0,76.057195010648,43.7844157,-75.44903992,New York,0,0.0
132,20.0,0.0,"Lewis, New York, US",20,US,Lewis,06-05-2020,0,76.057195010648,43.7844157,-75.44903992,New York,0,0.0
133,20.0,0.0,"Lewis, New York, US",20,US,Lewis,06-06-2020,0,76.057195010648,43.7844157,-75.44903992,New York,0,0.0
134,20.0,0.0,"Lewis, New York, US",20,US,Lewis,06-07-2020,0,76.057195010648,43.7844157,-75.44903992,New York,0,0.0
135,20.0,0.0,"Lewis, New York, US",20,US,Lewis,06-08-2020,0,76.057195010648,43.7844157,-75.44903992,New York,0,0.0
136,20.0,0.0,"Lewis, New York, US",20,US,Lewis,06-09-2020,0,76.057195010648,43.784415700000004,-75.44903992,New York,0,0.0
137,20.0,0.0,"Lewis, New York, US",20,US,Lewis,06-10-2020,0,76.057195010648,43.784415700000004,-75.44903992,New York,0,0.0
138,20.0,0.0,"Lewis, New York, US",20,US,Lewis,06-11-2020,0,76.057195010648,43.784415700000004,-75.44903992,New York,0,0.0
139,20.0,0.0,"Lewis, New York, US",20,US,Lewis,06-12-2020,0,76.057195010648,43.7844157,-75.44903992,New York,0,0.0
140,20.0,0.0,"Lewis, New York, US",20,US,Lewis,06-13-2020,0,76.057195010648,43.7844157,-75.44903992,New York,0,0.0
141,20.0,0.0,"Lewis, New York, US",20,US,Lewis,06-14-2020,0,76.057195010648,43.7844157,-75.44903992,New York,0,0.0
142,20.0,0.0,"Lewis, New York, US",20,US,Lewis,06-15-2020,0,76.057195010648,43.7844157,-75.44903992,New York,0,0.0
143,20.0,0.0,"Lewis, New York, US",20,US,Lewis,06-16-2020,0,76.057195010648,43.7844157,-75.44903992,New York,0,0.0
144,21.0,0.0,"Lewis, New York, US",21,US,Lewis,06-17-2020,0,79.86005476118041,43.7844157,-75.44903992,New York,0,1.0
145,21.0,0.0,"Lewis, New York, US",21,US,Lewis,06-18-2020,0,79.86005476118041,43.7844157,-75.44903992,New York,0,0.0
146,21.0,0.0,"Lewis, New York, US",21,US,Lewis,06-19-2020,0,79.86005476118041,43.784415700000004,-75.44903992,New York,0,0.0
147,22.0,0.0,"Lewis, New York, US",22,US,Lewis,06-20-2020,0,83.66291451171281,43.784415700000004,-75.44903992,New York,0,1.0
148,23.0,0.0,"Lewis, New York, US",23,US,Lewis,06-21-2020,0,87.46577426224518,43.784415700000004,-75.44903992,New York,0,1.0
149,23.0,0.0,"Lewis, New York, US",23,US,Lewis,06-22-2020,0,87.46577426224518,43.7844157,-75.44903992,New York,0,0.0
150,24.0,0.0,"Lewis, New York, US",24,US,Lewis,06-23-2020,0,91.2686340127776,43.7844157,-75.44903992,New York,0,1.0
151,24.0,0.0,"Lewis, New York, US",24,US,Lewis,06-24-2020,0,91.2686340127776,43.7844157,-75.44903992,New York,0,0.0
152,25.0,0.0,"Lewis, New York, US",25,US,Lewis,06-25-2020,0,95.07149376330999,43.7844157,-75.44903992,New York,0,1.0
153,26.0,0.0,"Lewis, New York, US",26,US,Lewis,06-26-2020,0,98.87435351384241,43.7844157,-75.44903992,New York,0,1.0
154,26.0,0.0,"Lewis, New York, US",26,US,Lewis,06-27-2020,0,98.87435351384241,43.7844157,-75.44903992,New York,0,0.0
155,29.0,0.0,"Lewis, New York, US",29,US,Lewis,06-28-2020,0,110.28293276543958,43.7844157,-75.44903992,New York,0,3.0
156,37.0,0.0,"Lewis, New York, US",37,US,Lewis,06-29-2020,0,140.7058107696988,43.784415700000004,-75.44903992,New York,0,8.0
157,30.0,0.0,"Lewis, New York, US",30,US,Lewis,06-30-2020,0,114.08579251597202,43.7844157,-75.44903992,New York,0,-7.0
158,30.0,0.0,"Lewis, New York, US",30,US,Lewis,07-01-2020,0,114.08579251597202,43.7844157,-75.44903992,New York,0,0.0
159,30.0,0.0,"Lewis, New York, US",30,US,Lewis,07-02-2020,0,114.08579251597202,43.784415700000004,-75.44903992,New York,0,0.0
160,30.0,0.0,"Lewis, New York, US",30,US,Lewis,07-03-2020,0,114.08579251597202,43.7844157,-75.44903992,New York,0,0.0
161,31.0,0.0,"Lewis, New York, US",31,US,Lewis,07-04-2020,0,117.88865226650441,43.7844157,-75.44903992,New York,0,1.0
162,31.0,0.0,"Lewis, New York, US",31,US,Lewis,07-05-2020,0,117.88865226650441,43.7844157,-75.44903992,New York,0,0.0
163,31.0,0.0,"Lewis, New York, US",31,US,Lewis,07-06-2020,0,117.88865226650441,43.7844157,-75.44903992,New York,0,0.0
164,31.0,0.0,"Lewis, New York, US",31,US,Lewis,07-07-2020,0,117.88865226650441,43.7844157,-75.44903992,New York,0,0.0
165,31.0,0.0,"Lewis, New York, US",31,US,Lewis,07-08-2020,0,117.88865226650441,43.7844157,-75.44903992,New York,0,0.0
166,31.0,0.0,"Lewis, New York, US",31,US,Lewis,07-09-2020,0,117.88865226650441,43.7844157,-75.44903992,New York,0,0.0
167,31.0,0.0,"Lewis, New York, US",31,US,Lewis,07-10-2020,0,117.88865226650441,43.784415700000004,-75.44903992,New York,0,0.0
168,31.0,0.0,"Lewis, New York, US",31,US,Lewis,07-11-2020,0,117.88865226650441,43.784415700000004,-75.44903992,New York,0,0.0
169,31.0,0.0,"Lewis, New York, US",31,US,Lewis,07-12-2020,0,117.88865226650441,43.784415700000004,-75.44903992,New York,0,0.0
170,31.0,0.0,"Lewis, New York, US",31,US,Lewis,07-13-2020,0,117.88865226650441,43.7844157,-75.44903992,New York,0,0.0
171,32.0,0.0,"Lewis, New York, US",32,US,Lewis,07-14-2020,0,121.6915120170368,43.7844157,-75.44903992,New York,0,1.0
172,32.0,0.0,"Lewis, New York, US",32,US,Lewis,07-15-2020,0,121.6915120170368,43.7844157,-75.44903992,New York,0,0.0
173,32.0,0.0,"Lewis, New York, US",32,US,Lewis,07-16-2020,0,121.6915120170368,43.7844157,-75.44903992,New York,0,0.0
174,32.0,0.0,"Lewis, New York, US",32,US,Lewis,07-17-2020,0,121.6915120170368,43.7844157,-75.44903992,New York,0,0.0
175,32.0,0.0,"Lewis, New York, US",32,US,Lewis,07-18-2020,0,121.6915120170368,43.7844157,-75.44903992,New York,0,0.0
176,33.0,0.0,"Lewis, New York, US",33,US,Lewis,07-19-2020,0,125.4943717675692,43.7844157,-75.44903992,New York,0,1.0
177,33.0,0.0,"Lewis, New York, US",33,US,Lewis,07-20-2020,0,125.4943717675692,43.784415700000004,-75.44903992,New York,0,0.0
178,33.0,0.0,"Lewis, New York, US",33,US,Lewis,07-21-2020,0,125.4943717675692,43.7844157,-75.44903992,New York,0,0.0
179,33.0,0.0,"Lewis, New York, US",33,US,Lewis,07-22-2020,0,125.4943717675692,43.7844157,-75.44903992,New York,0,0.0
180,34.0,0.0,"Lewis, New York, US",34,US,Lewis,07-23-2020,0,129.29723151810163,43.7844157,-75.44903992,New York,0,1.0
181,34.0,0.0,"Lewis, New York, US",34,US,Lewis,07-24-2020,0,129.29723151810163,43.7844157,-75.44903992,New York,0,0.0
182,34.0,0.0,"Lewis, New York, US",34,US,Lewis,07-25-2020,0,129.29723151810163,43.7844157,-75.44903992,New York,0,0.0
183,34.0,0.0,"Lewis, New York, US",34,US,Lewis,07-26-2020,0,129.29723151810163,43.7844157,-75.44903992,New York,0,0.0
184,34.0,0.0,"Lewis, New York, US",34,US,Lewis,07-27-2020,0,129.29723151810163,43.7844157,-75.44903992,New York,0,0.0
185,34.0,0.0,"Lewis, New York, US",34,US,Lewis,07-28-2020,0,129.29723151810163,43.7844157,-75.44903992,New York,0,0.0
186,34.0,0.0,"Lewis, New York, US",34,US,Lewis,07-29-2020,0,129.29723151810163,43.784415700000004,-75.44903992,New York,0,0.0
187,34.0,0.0,"Lewis, New York, US",34,US,Lewis,07-30-2020,0,129.29723151810163,43.784415700000004,-75.44903992,New York,0,0.0
188,34.0,0.0,"Lewis, New York, US",34,US,Lewis,07-31-2020,0,129.29723151810163,43.7844157,-75.44903992,New York,0,0.0
189,34.0,0.0,"Lewis, New York, US",34,US,Lewis,08-01-2020,0,129.29723151810163,43.7844157,-75.44903992,New York,0,0.0
190,35.0,0.0,"Lewis, New York, US",35,US,Lewis,08-02-2020,0,133.100091268634,43.7844157,-75.44903992,New York,0,1.0
191,35.0,0.0,"Lewis, New York, US",35,US,Lewis,08-03-2020,0,133.100091268634,43.7844157,-75.44903992,New York,0,0.0
192,37.0,0.0,"Lewis, New York, US",37,US,Lewis,08-04-2020,0,140.7058107696988,43.7844157,-75.44903992,New York,0,2.0
193,37.0,0.0,"Lewis, New York, US",37,US,Lewis,08-05-2020,0,140.7058107696988,43.7844157,-75.44903992,New York,0,0.0
194,39.0,0.0,"Lewis, New York, US",39,US,Lewis,08-06-2020,0,148.31153027076363,43.7844157,-75.44903992,New York,0,2.0
195,39.0,0.0,"Lewis, New York, US",39,US,Lewis,08-07-2020,0,148.31153027076363,43.7844157,-75.44903992,New York,0,0.0
196,41.0,0.0,"Lewis, New York, US",41,US,Lewis,08-08-2020,0,155.9172497718284,43.7844157,-75.44903992,New York,0,2.0
197,41.0,0.0,"Lewis, New York, US",41,US,Lewis,08-09-2020,0,155.9172497718284,43.7844157,-75.44903992,New York,0,0.0
198,41.0,0.0,"Lewis, New York, US",41,US,Lewis,08-10-2020,0,155.9172497718284,43.7844157,-75.44903992,New York,0,0.0
199,45.0,0.0,"Lewis, New York, US",45,US,Lewis,08-11-2020,0,171.128688773958,43.7844157,-75.44903992,New York,0,4.0
200,46.0,0.0,"Lewis, New York, US",46,US,Lewis,08-12-2020,0,174.93154852449035,43.7844157,-75.44903992,New York,0,1.0
201,47.0,0.0,"Lewis, New York, US",47,US,Lewis,08-13-2020,0,178.73440827502282,43.7844157,-75.44903992,New York,0,1.0
202,47.0,0.0,"Lewis, New York, US",47,US,Lewis,08-14-2020,0,178.73440827502282,43.7844157,-75.44903992,New York,0,0.0
203,47.0,0.0,"Lewis, New York, US",47,US,Lewis,08-15-2020,0,178.73440827502282,43.7844157,-75.44903992,New York,0,0.0
204,47.0,0.0,"Lewis, New York, US",47,US,Lewis,08-16-2020,0,178.73440827502282,43.7844157,-75.44903992,New York,0,0.0
205,47.0,0.0,"Lewis, New York, US",47,US,Lewis,08-17-2020,0,178.73440827502282,43.7844157,-75.44903992,New York,0,0.0
206,47.0,0.0,"Lewis, New York, US",47,US,Lewis,08-18-2020,0,178.7344083,43.7844157,-75.44903992,New York,0,0.0
207,47.0,0.0,"Lewis, New York, US",47,US,Lewis,08-19-2020,0,178.73440827502282,43.7844157,-75.44903992,New York,0,0.0
208,47.0,0.0,"Lewis, New York, US",47,US,Lewis,08-20-2020,0,178.73440827502282,43.7844157,-75.44903992,New York,0,0.0
209,47.0,0.0,"Lewis, New York, US",47,US,Lewis,08-21-2020,0,178.73440827502282,43.7844157,-75.44903992,New York,0,0.0
210,47.0,0.0,"Lewis, New York, US",47,US,Lewis,08-22-2020,0,178.73440827502282,43.7844157,-75.44903992,New York,0,0.0
211,47.0,0.0,"Lewis, New York, US",47,US,Lewis,08-23-2020,0,178.73440827502282,43.7844157,-75.44903992,New York,0,0.0
212,47.0,0.0,"Lewis, New York, US",47,US,Lewis,08-24-2020,0,178.73440827502282,43.7844157,-75.44903992,New York,0,0.0
213,47.0,0.0,"Lewis, New York, US",47,US,Lewis,08-25-2020,0,178.73440827502282,43.7844157,-75.44903992,New York,0,0.0
214,48.0,0.0,"Lewis, New York, US",48,US,Lewis,08-26-2020,0,182.5372680255552,43.7844157,-75.44903992,New York,0,1.0
215,48.0,0.0,"Lewis, New York, US",48,US,Lewis,08-27-2020,0,182.5372680255552,43.7844157,-75.44903992,New York,0,0.0
216,48.0,0.0,"Lewis, New York, US",48,US,Lewis,08-28-2020,0,182.5372680255552,43.7844157,-75.44903992,New York,0,0.0
217,48.0,0.0,"Lewis, New York, US",48,US,Lewis,08-29-2020,0,182.5372680255552,43.7844157,-75.44903992,New York,0,0.0
218,49.0,0.0,"Lewis, New York, US",49,US,Lewis,08-30-2020,0,186.3401277760876,43.7844157,-75.44903992,New York,0,1.0
219,49.0,0.0,"Lewis, New York, US",49,US,Lewis,08-31-2020,0,186.3401277760876,43.7844157,-75.44903992,New York,0,0.0
220,49.0,0.0,"Lewis, New York, US",49,US,Lewis,09-01-2020,0,186.3401277760876,43.7844157,-75.44903992,New York,0,0.0
221,49.0,0.0,"Lewis, New York, US",49,US,Lewis,09-02-2020,0,186.3401277760876,43.7844157,-75.44903992,New York,0,0.0
222,49.0,0.0,"Lewis, New York, US",49,US,Lewis,09-03-2020,0,186.3401277760876,43.7844157,-75.44903992,New York,0,0.0
223,49.0,0.0,"Lewis, New York, US",49,US,Lewis,09-04-2020,0,186.3401277760876,43.7844157,-75.44903992,New York,0,0.0
224,49.0,0.0,"Lewis, New York, US",49,US,Lewis,09-05-2020,0,186.3401277760876,43.7844157,-75.44903992,New York,0,0.0
225,49.0,0.0,"Lewis, New York, US",49,US,Lewis,09-06-2020,0,186.3401277760876,43.7844157,-75.44903992,New York,0,0.0
226,49.0,0.0,"Lewis, New York, US",49,US,Lewis,09-07-2020,0,186.3401277760876,43.7844157,-75.44903992,New York,0,0.0
227,49.0,0.0,"Lewis, New York, US",49,US,Lewis,09-08-2020,0,186.3401277760876,43.7844157,-75.44903992,New York,0,0.0
228,50.0,0.0,"Lewis, New York, US",50,US,Lewis,09-09-2020,0,190.14298752661998,43.7844157,-75.44903992,New York,0,1.0
229,50.0,0.0,"Lewis, New York, US",50,US,Lewis,09-10-2020,0,190.14298752661998,43.7844157,-75.44903992,New York,0,0.0
230,50.0,0.0,"Lewis, New York, US",50,US,Lewis,09-11-2020,0,190.14298752661998,43.7844157,-75.44903992,New York,0,0.0
231,50.0,0.0,"Lewis, New York, US",50,US,Lewis,09-12-2020,0,190.14298752661998,43.7844157,-75.44903992,New York,0,0.0
232,50.0,0.0,"Lewis, New York, US",50,US,Lewis,09-13-2020,0,190.1429875,43.7844157,-75.44903992,New York,0,0.0
233,50.0,0.0,"Lewis, New York, US",50,US,Lewis,09-14-2020,0,190.14298752661998,43.7844157,-75.44903992,New York,0,0.0
234,50.0,0.0,"Lewis, New York, US",50,US,Lewis,09-15-2020,0,190.14298752661998,43.7844157,-75.44903992,New York,0,0.0
235,50.0,0.0,"Lewis, New York, US",50,US,Lewis,09-16-2020,0,190.1429875,43.7844157,-75.44903992,New York,0,0.0
236,50.0,0.0,"Lewis, New York, US",50,US,Lewis,09-17-2020,0,190.1429875,43.7844157,-75.44903992,New York,0,0.0
237,50.0,0.0,"Lewis, New York, US",50,US,Lewis,09-18-2020,0,190.1429875,43.7844157,-75.44903992,New York,0,0.0
238,50.0,0.0,"Lewis, New York, US",50,US,Lewis,09-19-2020,0,190.1429875,43.7844157,-75.44903992,New York,0,0.0
239,50.0,0.0,"Lewis, New York, US",50,US,Lewis,09-20-2020,0,190.1429875,43.7844157,-75.44903992,New York,0,0.0
240,50.0,0.0,"Lewis, New York, US",50,US,Lewis,09-21-2020,5,190.1429875,43.7844157,-75.44903992,New York,0,0.0
241,50.0,0.0,"Lewis, New York, US",50,US,Lewis,09-22-2020,5,190.1429875,43.7844157,-75.44903992,New York,0,0.0
242,50.0,0.0,"Lewis, New York, US",50,US,Lewis,09-23-2020,5,190.1429875,43.7844157,-75.44903992,New York,0,0.0
243,50.0,0.0,"Lewis, New York, US",50,US,Lewis,09-24-2020,5,190.1429875,43.7844157,-75.44903992,New York,0,0.0
244,50.0,0.0,"Lewis, New York, US",50,US,Lewis,09-25-2020,5,190.1429875,43.7844157,-75.44903992,New York,0,0.0
245,50.0,0.0,"Lewis, New York, US",50,US,Lewis,09-26-2020,5,190.1429875,43.7844157,-75.44903992,New York,0,0.0
246,50.0,0.0,"Lewis, New York, US",50,US,Lewis,09-27-2020,5,190.1429875,43.7844157,-75.44903992,New York,0,0.0
247,50.0,0.0,"Lewis, New York, US",50,US,Lewis,09-28-2020,5,190.14298752661998,43.7844157,-75.44903992,New York,0,0.0
248,50.0,0.0,"Lewis, New York, US",50,US,Lewis,09-29-2020,5,190.14298752661998,43.7844157,-75.44903992,New York,0,0.0
249,50.0,0.0,"Lewis, New York, US",50,US,Lewis,09-30-2020,5,190.14298752661998,43.7844157,-75.44903992,New York,0,0.0
250,50.0,0.0,"Lewis, New York, US",50,US,Lewis,10-01-2020,5,190.14298752661998,43.7844157,-75.44903992,New York,0,0.0
251,51.0,0.0,"Lewis, New York, US",51,US,Lewis,10-02-2020,5,193.9458472771524,43.7844157,-75.44903992,New York,0,1.0
252,51.0,0.0,"Lewis, New York, US",51,US,Lewis,10-03-2020,5,193.9458472771524,43.7844157,-75.44903992,New York,0,0.0
253,51.0,0.0,"Lewis, New York, US",51,US,Lewis,10-04-2020,5,193.9458472771524,43.7844157,-75.44903992,New York,0,0.0
254,53.0,0.0,"Lewis, New York, US",53,US,Lewis,10-05-2020,5,201.5515667782172,43.7844157,-75.44903992,New York,0,2.0
255,53.0,0.0,"Lewis, New York, US",53,US,Lewis,10-06-2020,5,201.5515667782172,43.7844157,-75.44903992,New York,0,0.0
256,53.0,0.0,"Lewis, New York, US",53,US,Lewis,10-07-2020,5,201.5515667782172,43.7844157,-75.44903992,New York,0,0.0
257,54.0,0.0,"Lewis, New York, US",54,US,Lewis,10-08-2020,5,205.35442652874963,43.7844157,-75.44903992,New York,0,1.0
258,54.0,0.0,"Lewis, New York, US",54,US,Lewis,10-09-2020,5,205.35442652874963,43.7844157,-75.44903992,New York,0,0.0
259,55.0,0.0,"Lewis, New York, US",55,US,Lewis,10-10-2020,5,209.15728627928203,43.7844157,-75.44903992,New York,0,1.0
260,55.0,0.0,"Lewis, New York, US",55,US,Lewis,10-11-2020,5,209.15728627928203,43.7844157,-75.44903992,New York,0,0.0
261,55.0,0.0,"Lewis, New York, US",55,US,Lewis,10-12-2020,5,209.15728627928203,43.7844157,-75.44903992,New York,0,0.0
262,55.0,0.0,"Lewis, New York, US",55,US,Lewis,10-13-2020,5,209.15728627928203,43.7844157,-75.44903992,New York,0,0.0
263,55.0,0.0,"Lewis, New York, US",55,US,Lewis,10-14-2020,5,209.15728627928203,43.7844157,-75.44903992,New York,0,0.0
264,55.0,0.0,"Lewis, New York, US",55,US,Lewis,10-15-2020,5,209.15728627928203,43.7844157,-75.44903992,New York,0,0.0
265,55.0,0.0,"Lewis, New York, US",55,US,Lewis,10-16-2020,5,209.15728627928203,43.7844157,-75.44903992,New York,0,0.0
266,55.0,0.0,"Lewis, New York, US",55,US,Lewis,10-17-2020,5,209.15728627928203,43.7844157,-75.44903992,New York,0,0.0
267,0.0,,"Nassau, New York, US",1900,US,Nassau,03-22-2020,4,,40.74066522,-73.58941873,New York,0,1845.0
268,0.0,,"Nassau, New York, US",2442,US,Nassau,03-23-2020,4,,40.74066522,-73.58941873,New York,0,542.0
269,0.0,,"Nassau, New York, US",2869,US,Nassau,03-24-2020,9,,40.74066522,-73.58941873,New York,0,427.0
270,0.0,,"Nassau, New York, US",3285,US,Nassau,03-25-2020,17,,40.74066522,-73.58941873,New York,0,416.0
271,0.0,,"Nassau, New York, US",3914,US,Nassau,03-26-2020,17,,40.74066522,-73.58941873,New York,0,629.0
272,0.0,,"Nassau, New York, US",4657,US,Nassau,03-27-2020,19,,40.74066522,-73.58941873,New York,0,743.0
273,0.0,,"Nassau, New York, US",5537,US,Nassau,03-28-2020,27,,40.74066522,-73.58941873,New York,0,880.0
274,0.0,,"Nassau, New York, US",6445,US,Nassau,03-29-2020,39,,40.74066522,-73.58941873,New York,0,908.0
275,0.0,,"Nassau, New York, US",7344,US,Nassau,03-30-2020,39,,40.74066522,-73.58941873,New York,0,899.0
276,0.0,,"Nassau, New York, US",8544,US,Nassau,03-31-2020,48,,40.74066522,-73.58941873,New York,0,1200.0
277,0.0,,"Nassau, New York, US",9554,US,Nassau,04-01-2020,76,,40.74066522,-73.58941873,New York,0,1010.0
278,0.0,,"Nassau, New York, US",10587,US,Nassau,04-02-2020,76,,40.74066522,-73.58941873,New York,0,1033.0
279,0.0,,"Nassau, New York, US",12024,US,Nassau,04-03-2020,95,,40.74066522,-73.58941873,New York,0,1437.0
280,0.0,,"Nassau, New York, US",13346,US,Nassau,04-04-2020,95,,40.74066522,-73.58941873,New York,0,1322.0
281,0.0,,"Nassau, New York, US",14398,US,Nassau,04-05-2020,162,,40.74066522,-73.58941873,New York,0,1052.0
282,0.0,,"Nassau, New York, US",15616,US,Nassau,04-06-2020,162,,40.74066522,-73.58941873,New York,0,1218.0
283,0.0,,"Nassau, New York, US",16610,US,Nassau,04-07-2020,500,,40.74066522,-73.58941873,New York,0,994.0
284,0.0,,"Nassau, New York, US",18548,US,Nassau,04-08-2020,500,,40.74066522,-73.58941873,New York,0,1938.0
285,0.0,,"Nassau, New York, US",20140,US,Nassau,04-09-2020,633,,40.74066522,-73.58941873,New York,0,1592.0
286,0.0,,"Nassau, New York, US",21512,US,Nassau,04-10-2020,723,,40.74066522,-73.58941873,New York,0,1372.0
287,0.0,,"Nassau, New York, US",22584,US,Nassau,04-11-2020,792,,40.74066522,-73.58941873,New York,0,1072.0
288,22707.0,,"Nassau, New York, US",23553,US,Nassau,04-12-2020,846,,40.74066522,-73.58941873,New York,0,969.0
289,23448.0,,"Nassau, New York, US",24358,US,Nassau,04-13-2020,910,,40.74066522,-73.58941873,New York,0,805.0
290,24249.0,,"Nassau, New York, US",25250,US,Nassau,04-14-2020,1001,,40.74066522,-73.58941873,New York,0,892.0
291,25658.0,,"Nassau, New York, US",26715,US,Nassau,04-15-2020,1057,,40.74066522,-73.58941873,New York,0,1465.0
292,26663.0,,"Nassau, New York, US",27772,US,Nassau,04-16-2020,1109,,40.74066522,-73.58941873,New York,0,1057.0
293,27430.0,,"Nassau, New York, US",28539,US,Nassau,04-17-2020,1109,,40.74066522,-73.58941873,New York,0,767.0
294,28071.0,,"Nassau, New York, US",29180,US,Nassau,04-18-2020,1109,,40.74066522,-73.58941873,New York,0,641.0
295,28904.0,,"Nassau, New York, US",30013,US,Nassau,04-19-2020,1109,,40.74066522,-73.58941873,New York,0,833.0
296,29348.0,,"Nassau, New York, US",30677,US,Nassau,04-20-2020,1329,,40.74066522,-73.58941873,New York,0,664.0
297,29689.0,,"Nassau, New York, US",31079,US,Nassau,04-21-2020,1390,,40.74066522,-73.58941873,New York,0,402.0
298,30124.0,,"Nassau, New York, US",31555,US,Nassau,04-22-2020,1431,,40.74066522,-73.58941873,New York,0,476.0
299,30653.0,,"Nassau, New York, US",32124,US,Nassau,04-23-2020,1471,,40.74066522,-73.58941873,New York,0,569.0
300,31247.0,,"Nassau, New York, US",32765,US,Nassau,04-24-2020,1518,,40.74066522,-73.58941873,New York,0,641.0
301,32240.0,,"Nassau, New York, US",33798,US,Nassau,04-25-2020,1558,,40.74066522,-73.58941873,New York,0,1033.0
302,32935.0,,"Nassau, New York, US",34522,US,Nassau,04-26-2020,1587,,40.74066522,-73.58941873,New York,0,724.0
303,33245.0,,"Nassau, New York, US",34865,US,Nassau,04-27-2020,1620,,40.74066522,-73.58941873,New York,0,343.0
304,33438.0,,"Nassau, New York, US",35085,US,Nassau,04-28-2020,1647,,40.74066522,-73.58941873,New York,0,220.0
305,33827.0,,"Nassau, New York, US",35505,US,Nassau,04-29-2020,1678,,40.74066522,-73.58941873,New York,0,420.0
306,34154.0,,"Nassau, New York, US",35854,US,Nassau,04-30-2020,1700,,40.74066522,-73.58941873,New York,0,349.0
307,34441.0,,"Nassau, New York, US",36161,US,Nassau,05-01-2020,1720,,40.74066522,-73.58941873,New York,0,307.0
308,34774.0,,"Nassau, New York, US",36519,US,Nassau,05-02-2020,1745,,40.74066522,-73.58941873,New York,0,358.0
309,35010.0,,"Nassau, New York, US",36780,US,Nassau,05-03-2020,1770,,40.74066522,-73.58941873,New York,0,261.0
310,35173.0,,"Nassau, New York, US",36965,US,Nassau,05-04-2020,1792,,40.74066522,-73.58941873,New York,0,185.0
311,35334.0,,"Nassau, New York, US",37152,US,Nassau,05-05-2020,1818,,40.74066522,-73.58941873,New York,0,187.0
312,35459.0,,"Nassau, New York, US",37350,US,Nassau,05-06-2020,1891,,40.74066522,-73.58941873,New York,0,198.0
313,35689.0,,"Nassau, New York, US",37593,US,Nassau,05-07-2020,1904,,40.74066522,-73.58941873,New York,0,243.0
314,35894.0,,"Nassau, New York, US",37812,US,Nassau,05-08-2020,1918,,40.74066522,-73.58941873,New York,0,219.0
315,36088.0,,"Nassau, New York, US",38028,US,Nassau,05-09-2020,1940,,40.74066522,-73.58941873,New York,0,216.0
316,36254.0,,"Nassau, New York, US",38217,US,Nassau,05-10-2020,1963,,40.74066522,-73.58941873,New York,0,189.0
317,36364.0,,"Nassau, New York, US",38337,US,Nassau,05-11-2020,1973,,40.74066522,-73.58941873,New York,0,120.0
318,36443.0,,"Nassau, New York, US",38434,US,Nassau,05-12-2020,1991,,40.74066522,-73.58941873,New York,0,97.0
319,36583.0,,"Nassau, New York, US",38587,US,Nassau,05-13-2020,2004,,40.74066522,-73.58941873,New York,0,153.0
320,36727.0,,"Nassau, New York, US",38743,US,Nassau,05-14-2020,2016,,40.74066522,-73.58941873,New York,0,156.0
321,36837.0,,"Nassau, New York, US",38864,US,Nassau,05-15-2020,2027,,40.74066522,-73.58941873,New York,0,121.0
322,36999.0,,"Nassau, New York, US",39033,US,Nassau,05-16-2020,2034,,40.74066522,-73.58941873,New York,0,169.0
323,37092.0,,"Nassau, New York, US",39136,US,Nassau,05-17-2020,2044,,40.74066522,-73.58941873,New York,0,103.0
324,37172.0,,"Nassau, New York, US",39225,US,Nassau,05-18-2020,2053,,40.74066522,-73.58941873,New York,0,89.0
325,37235.0,,"Nassau, New York, US",39295,US,Nassau,05-19-2020,2060,,40.74066522,-73.58941873,New York,0,70.0
326,37303.0,,"Nassau, New York, US",39368,US,Nassau,05-20-2020,2065,,40.74066522,-73.58941873,New York,0,73.0
327,37414.0,,"Nassau, New York, US",39487,US,Nassau,05-21-2020,2073,,40.74066522,-73.58941873,New York,0,119.0
328,37526.0,,"Nassau, New York, US",39608,US,Nassau,05-22-2020,2082,,40.74066522,-73.58941873,New York,0,121.0
329,37639.0,,"Nassau, New York, US",39726,US,Nassau,05-23-2020,2087,,40.74066522,-73.58941873,New York,0,118.0
330,37743.0,,"Nassau, New York, US",39837,US,Nassau,05-24-2020,2094,,40.74066522,-73.58941873,New York,0,111.0
331,37804.0,,"Nassau, New York, US",39907,US,Nassau,05-25-2020,2103,,40.74066522,-73.58941873,New York,0,70.0
332,37866.0,,"Nassau, New York, US",39974,US,Nassau,05-26-2020,2108,,40.74066522,-73.58941873,New York,0,67.0
333,37897.0,,"Nassau, New York, US",40034,US,Nassau,05-27-2020,2137,,40.74066522,-73.58941873,New York,0,60.0
334,38026.0,,"Nassau, New York, US",40140,US,Nassau,05-28-2020,2114,,40.74066522,-73.58941873,New York,0,106.0
335,38108.0,5.265251329985581,"Nassau, New York, US",40226,US,Nassau,05-29-2020,2118,2964.499117120781,40.74066522,-73.58941873,New York,0,86.0
336,38186.0,5.262113280571612,"Nassau, New York, US",40307,US,Nassau,05-30-2020,2121,2970.4685008150786,40.74066522,-73.58941873,New York,0,81.0
337,38274.0,5.2529953460738685,"Nassau, New York, US",40396,US,Nassau,05-31-2020,2122,2977.027453269306,40.74066522,-73.58941873,New York,0,89.0
338,38354.0,5.249635613528002,"Nassau, New York, US",40479,US,Nassau,06-01-2020,2125,2983.144229153585,40.74066522,-73.58941873,New York,0,83.0
339,38445.0,5.242531795326826,"Nassau, New York, US",40572,US,Nassau,06-02-2020,2127,2989.9979659877777,40.74066522,-73.58941873,New York,0,93.0
340,38514.0,5.2406259226454095,"Nassau, New York, US",40644,US,Nassau,06-03-2020,2130,2995.3040848271526,40.74066522,-73.58941873,New York,0,72.0
341,38581.0,5.236656596173212,"Nassau, New York, US",40713,US,Nassau,06-04-2020,2132,3000.3891153815543,40.74066522,-73.58941873,New York,0,69.0
342,38665.0,5.2258744515528095,"Nassau, New York, US",40797,US,Nassau,06-05-2020,2132,3006.5795873608254,40.74066522,-73.58941873,New York,0,84.0
343,38718.0,5.226054390130468,"Nassau, New York, US",40853,US,Nassau,06-06-2020,2135,3010.706568680339,40.74066522,-73.58941873,New York,0,56.0
344,38762.0,5.2366516722080965,"Nassau, New York, US",40904,US,Nassau,06-07-2020,2142,3014.465069524896,40.74066522,-73.58941873,New York,0,51.0
345,38802.0,5.2384790094512415,"Nassau, New York, US",40947,US,Nassau,06-08-2020,2145,3017.634001609523,40.74066522,-73.58941873,New York,0,43.0
346,38835.0,5.234260614934113,"Nassau, New York, US",40980,US,Nassau,06-09-2020,2145,3020.0659727442358,40.74066522,-73.58941873,New York,0,33.0
347,38864.0,5.244422772156528,"Nassau, New York, US",41015,US,Nassau,06-10-2020,2151,3022.6453360689325,40.74066522,-73.58941873,New York,0,35.0
348,38909.0,5.238675109595714,"Nassau, New York, US",41060,US,Nassau,06-11-2020,2151,3025.961660343541,40.74066522,-73.58941873,New York,0,45.0
349,38951.0,5.260981660748164,"Nassau, New York, US",41114,US,Nassau,06-12-2020,2163,3029.941249473073,40.74066522,-73.58941873,New York,0,54.0
350,39009.0,5.253570387642087,"Nassau, New York, US",41172,US,Nassau,06-13-2020,2163,3034.2156229825696,40.74066522,-73.58941873,New York,0,58.0
351,39039.0,5.254344238423454,"Nassau, New York, US",41204,US,Nassau,06-14-2020,2165,3036.573898022292,40.74066522,-73.58941873,New York,0,32.0
352,39073.0,5.254607177497575,"Nassau, New York, US",41240,US,Nassau,06-15-2020,2167,3039.2269574419793,40.74066522,-73.58941873,New York,0,36.0
353,39120.0,5.25550980867038,"Nassau, New York, US",41290,US,Nassau,06-16-2020,2170,3042.9117621915448,40.74066522,-73.58941873,New York,0,50.0
354,39149.0,5.254114230396903,"Nassau, New York, US",41320,US,Nassau,06-17-2020,2171,3045.1226450412846,40.74066522,-73.58941873,New York,0,30.0
355,39177.0,5.252847710948269,"Nassau, New York, US",41349,US,Nassau,06-18-2020,2172,3047.259831796033,40.74066522,-73.58941873,New York,0,29.0
356,39212.0,5.255273395027424,"Nassau, New York, US",41387,US,Nassau,06-19-2020,2175,3050.060283405703,40.74066522,-73.58941873,New York,0,38.0
357,39268.0,5.248172188306831,"Nassau, New York, US",41443,US,Nassau,06-20-2020,2175,3054.187264725217,40.74066522,-73.58941873,New York,0,56.0
358,39301.0,5.250849827623616,"Nassau, New York, US",41479,US,Nassau,06-21-2020,2178,3056.840324144904,40.74066522,-73.58941873,New York,0,36.0
359,39335.0,5.2465492737214845,"Nassau, New York, US",41513,US,Nassau,06-22-2020,2178,3059.3459913746087,40.74066522,-73.58941873,New York,0,34.0
360,39365.0,5.245041401887156,"Nassau, New York, US",41544,US,Nassau,06-23-2020,2179,3061.6305703193398,40.74066522,-73.58941873,New York,0,31.0
361,39405.0,5.242274858723097,"Nassau, New York, US",41585,US,Nassau,06-24-2020,2180,3064.6521102139836,40.74066522,-73.58941873,New York,0,41.0
362,39466.0,5.234596359794458,"Nassau, New York, US",41646,US,Nassau,06-25-2020,2180,3069.1475720084545,40.74066522,-73.58941873,New York,0,61.0
363,39503.0,5.232223395067653,"Nassau, New York, US",41684,US,Nassau,06-26-2020,2181,3071.9480236181244,40.74066522,-73.58941873,New York,0,38.0
364,39543.0,5.229478729778309,"Nassau, New York, US",41725,US,Nassau,06-27-2020,2182,3074.969563512769,40.74066522,-73.58941873,New York,0,41.0
365,39572.0,5.225846625473007,"Nassau, New York, US",41754,US,Nassau,06-28-2020,2182,3077.106750267517,40.74066522,-73.58941873,New York,0,29.0
366,39598.0,5.2225945430000005,"Nassau, New York, US",41780,US,Nassau,06-29-2020,2182,3079.022848737291,40.74066522,-73.58941873,New York,0,26.0
367,39625.0,5.219221661444256,"Nassau, New York, US",41807,US,Nassau,06-30-2020,2182,3081.012643302057,40.74066522,-73.58941873,New York,0,27.0
368,39670.0,5.2158746087496715,"Nassau, New York, US",41853,US,Nassau,07-01-2020,2183,3084.4026636716576,40.74066522,-73.58941873,New York,0,46.0
369,39726.0,5.211166785969937,"Nassau, New York, US",41910,US,Nassau,07-02-2020,2184,3088.603341086163,40.74066522,-73.58941873,New York,0,57.0
370,39762.0,5.208954156435502,"Nassau, New York, US",41947,US,Nassau,07-03-2020,2185,3091.330096600841,40.74066522,-73.58941873,New York,0,37.0
371,39802.0,5.206249404591788,"Nassau, New York, US",41988,US,Nassau,07-04-2020,2186,3094.3516364954853,40.74066522,-73.58941873,New York,0,41.0
372,39845.0,5.200923128167305,"Nassau, New York, US",42031,US,Nassau,07-05-2020,2186,3097.5205685801125,40.74066522,-73.58941873,New York,0,43.0
373,39866.0,5.200580220198321,"Nassau, New York, US",42053,US,Nassau,07-06-2020,2187,3099.1418826699214,40.74066522,-73.58941873,New York,0,22.0
374,39901.0,5.196255464740544,"Nassau, New York, US",42088,US,Nassau,07-07-2020,2187,3101.7212459946168,40.74066522,-73.58941873,New York,0,35.0
375,39934.0,5.194435212003229,"Nassau, New York, US",42122,US,Nassau,07-08-2020,2188,3104.2269132243223,40.74066522,-73.58941873,New York,0,34.0
376,39976.0,5.189260980931602,"Nassau, New York, US",42164,US,Nassau,07-09-2020,2188,3107.322149213957,40.74066522,-73.58941873,New York,0,42.0
377,40042.0,5.185641219928017,"Nassau, New York, US",42232,US,Nassau,07-10-2020,2190,3112.3334836733666,40.74066522,-73.58941873,New York,0,68.0
378,40077.0,5.181347150259066,"Nassau, New York, US",42267,US,Nassau,07-11-2020,2190,3114.9128469980633,40.74066522,-73.58941873,New York,0,35.0
379,40117.0,5.176448341881958,"Nassau, New York, US",42307,US,Nassau,07-12-2020,2190,3117.860690797716,40.74066522,-73.58941873,New York,0,40.0
380,40164.0,5.170704065731691,"Nassau, New York, US",42354,US,Nassau,07-13-2020,2190,3121.324407262308,40.74066522,-73.58941873,New York,0,47.0
381,40233.0,5.1622940386111305,"Nassau, New York, US",42423,US,Nassau,07-14-2020,2190,3126.4094378167088,40.74066522,-73.58941873,New York,0,69.0
382,40271.0,5.159907682162875,"Nassau, New York, US",42462,US,Nassau,07-15-2020,2191,3129.2835855213702,40.74066522,-73.58941873,New York,0,39.0
383,40314.0,5.156919023196725,"Nassau, New York, US",42506,US,Nassau,07-16-2020,2192,3132.5262137009886,40.74066522,-73.58941873,New York,0,44.0
384,40363.0,5.15098108330396,"Nassau, New York, US",42555,US,Nassau,07-17-2020,2192,3136.137322355563,40.74066522,-73.58941873,New York,0,49.0
385,40402.0,5.146264732121894,"Nassau, New York, US",42594,US,Nassau,07-18-2020,2192,3139.0114700602244,40.74066522,-73.58941873,New York,0,39.0
386,40429.0,5.145230162826709,"Nassau, New York, US",42622,US,Nassau,07-19-2020,2193,3141.074960719981,40.74066522,-73.58941873,New York,0,28.0
387,40485.0,5.138478841557712,"Nassau, New York, US",42678,US,Nassau,07-20-2020,2193,3145.2019420394954,40.74066522,-73.58941873,New York,0,56.0
388,40536.0,5.132345713683916,"Nassau, New York, US",42729,US,Nassau,07-21-2020,2193,3148.9604428840526,40.74066522,-73.58941873,New York,0,51.0
389,40572.0,5.128025254296738,"Nassau, New York, US",42765,US,Nassau,07-22-2020,2193,3151.6135023037405,40.74066522,-73.58941873,New York,0,36.0
390,40623.0,5.121917040358745,"Nassau, New York, US",42816,US,Nassau,07-23-2020,2193,3155.372003148297,40.74066522,-73.58941873,New York,0,51.0
391,40667.0,5.116658889407373,"Nassau, New York, US",42860,US,Nassau,07-24-2020,2193,3158.614631327915,40.74066522,-73.58941873,New York,0,44.0
392,40722.0,5.110101363159735,"Nassau, New York, US",42915,US,Nassau,07-25-2020,2193,3162.667916552438,40.74066522,-73.58941873,New York,0,55.0
393,40767.0,5.104748603351955,"Nassau, New York, US",42960,US,Nassau,07-26-2020,2193,3165.984240827047,40.74066522,-73.58941873,New York,0,45.0
394,40824.0,5.097984517748797,"Nassau, New York, US",43017,US,Nassau,07-27-2020,2193,3170.184918241552,40.74066522,-73.58941873,New York,0,57.0
395,40865.0,5.095334308739171,"Nassau, New York, US",43059,US,Nassau,07-28-2020,2194,3173.2801542311877,40.74066522,-73.58941873,New York,0,42.0
396,40906.0,5.090487238979119,"Nassau, New York, US",43100,US,Nassau,07-29-2020,2194,3176.301694125831,40.74066522,-73.58941873,New York,0,41.0
397,40964.0,5.083646137448445,"Nassau, New York, US",43158,US,Nassau,07-30-2020,2194,3180.576067635328,40.74066522,-73.58941873,New York,0,58.0
398,41009.0,5.078351040437005,"Nassau, New York, US",43203,US,Nassau,07-31-2020,2194,3183.892391909937,40.74066522,-73.58941873,New York,0,45.0
399,41077.0,5.0703704559635785,"Nassau, New York, US",43271,US,Nassau,08-01-2020,2194,3188.9037263693467,40.74066522,-73.58941873,New York,0,68.0
400,41128.0,5.064401458843082,"Nassau, New York, US",43322,US,Nassau,08-02-2020,2194,3192.6622272139043,40.74066522,-73.58941873,New York,0,51.0
401,41186.0,5.057630244352239,"Nassau, New York, US",43380,US,Nassau,08-03-2020,2194,3196.9366007234007,40.74066522,-73.58941873,New York,0,58.0
402,41242.0,5.051109678607606,"Nassau, New York, US",43436,US,Nassau,08-04-2020,2194,3201.063582042915,40.74066522,-73.58941873,New York,0,56.0
403,41288.0,5.045766064118486,"Nassau, New York, US",43482,US,Nassau,08-05-2020,2194,3204.4536024125155,40.74066522,-73.58941873,New York,0,46.0
404,41340.0,5.03973905453209,"Nassau, New York, US",43534,US,Nassau,08-06-2020,2194,3208.2857993520643,40.74066522,-73.58941873,New York,0,52.0
405,41386.0,5.034419458467187,"Nassau, New York, US",43580,US,Nassau,08-07-2020,2194,3211.6758197216645,40.74066522,-73.58941873,New York,0,46.0
406,41434.0,5.028880535435959,"Nassau, New York, US",43628,US,Nassau,08-08-2020,2194,3215.213232281248,40.74066522,-73.58941873,New York,0,48.0
407,41461.0,5.025770243958308,"Nassau, New York, US",43655,US,Nassau,08-09-2020,2194,3217.203026846013,40.74066522,-73.58941873,New York,0,27.0
408,41495.0,5.024032959487297,"Nassau, New York, US",43690,US,Nassau,08-10-2020,2195,3219.7823901707093,40.74066522,-73.58941873,New York,0,35.0
409,41529.0,5.020126246455036,"Nassau, New York, US",43724,US,Nassau,08-11-2020,2195,3222.2880574004143,40.74066522,-73.58941873,New York,0,34.0
410,41566.0,5.015881721167251,"Nassau, New York, US",43761,US,Nassau,08-12-2020,2195,3225.014812915093,40.74066522,-73.58941873,New York,0,37.0
411,41600.0,5.0119876698253245,"Nassau, New York, US",43795,US,Nassau,08-13-2020,2195,3227.520480144798,40.74066522,-73.58941873,New York,0,34.0
412,41645.0,5.006843065693431,"Nassau, New York, US",43840,US,Nassau,08-14-2020,2195,3230.836804419408,40.74066522,-73.58941873,New York,0,45.0
413,41696.0,5.001025267139049,"Nassau, New York, US",43891,US,Nassau,08-15-2020,2195,3234.5953052639647,40.74066522,-73.58941873,New York,0,51.0
414,41734.0,4.9966992191946105,"Nassau, New York, US",43929,US,Nassau,08-16-2020,2195,3237.3957568736346,40.74066522,-73.58941873,New York,0,38.0
415,41760.0,4.993743601410533,"Nassau, New York, US",43955,US,Nassau,08-17-2020,2195,3239.3118553434088,40.74066522,-73.58941873,New York,0,26.0
416,41806.0,4.988522988,"Nassau, New York, US",44001,US,Nassau,08-18-2020,2195,3242.701876,40.74066522,-73.58941873,New York,0,46.0
417,41868.0,4.981503755985748,"Nassau, New York, US",44063,US,Nassau,08-19-2020,2195,3247.271033602472,40.74066522,-73.58941873,New York,0,62.0
418,41917.0,4.9759702575262965,"Nassau, New York, US",44112,US,Nassau,08-20-2020,2195,3250.882142257046,40.74066522,-73.58941873,New York,0,49.0
419,41967.0,4.970336488383678,"Nassau, New York, US",44162,US,Nassau,08-21-2020,2195,3254.566947006612,40.74066522,-73.58941873,New York,0,50.0
420,42009.0,4.96776382762131,"Nassau, New York, US",44205,US,Nassau,08-22-2020,2196,3257.7358790912385,40.74066522,-73.58941873,New York,0,43.0
421,42049.0,4.963272686179228,"Nassau, New York, US",44245,US,Nassau,08-23-2020,2196,3260.6837228908917,40.74066522,-73.58941873,New York,0,40.0
422,42088.0,4.958901634901996,"Nassau, New York, US",44284,US,Nassau,08-24-2020,2196,3263.557870595553,40.74066522,-73.58941873,New York,0,39.0
423,42152.0,4.951745287273384,"Nassau, New York, US",44348,US,Nassau,08-25-2020,2196,3268.274420674997,40.74066522,-73.58941873,New York,0,64.0
424,42207.0,4.945611782987637,"Nassau, New York, US",44403,US,Nassau,08-26-2020,2196,3272.3277058995195,40.74066522,-73.58941873,New York,0,55.0
425,42254.0,4.940382452193477,"Nassau, New York, US",44450,US,Nassau,08-27-2020,2196,3275.791422364112,40.74066522,-73.58941873,New York,0,47.0
426,42306.0,4.936745837359278,"Nassau, New York, US",44503,US,Nassau,08-28-2020,2197,3279.697315398652,40.74066522,-73.58941873,New York,0,53.0
427,42357.0,4.931094851191811,"Nassau, New York, US",44554,US,Nassau,08-29-2020,2197,3283.455816243209,40.74066522,-73.58941873,New York,0,51.0
428,42412.0,4.927146379735485,"Nassau, New York, US",44610,US,Nassau,08-30-2020,2198,3287.5827975627226,40.74066522,-73.58941873,New York,0,56.0
429,42479.0,4.919757369563758,"Nassau, New York, US",44677,US,Nassau,08-31-2020,2198,3292.520435927141,40.74066522,-73.58941873,New York,0,67.0
430,42563.0,4.910524787203146,"Nassau, New York, US",44761,US,Nassau,09-01-2020,2198,3298.7109079064116,40.74066522,-73.58941873,New York,0,84.0
431,42647.0,4.901326792284537,"Nassau, New York, US",44845,US,Nassau,09-02-2020,2198,3304.901379885683,40.74066522,-73.58941873,New York,0,84.0
432,42726.0,4.892707684088684,"Nassau, New York, US",44924,US,Nassau,09-03-2020,2198,3310.723371389997,40.74066522,-73.58941873,New York,0,79.0
433,42810.0,4.883576253110558,"Nassau, New York, US",45008,US,Nassau,09-04-2020,2198,3316.9138433692674,40.74066522,-73.58941873,New York,0,84.0
434,42917.0,4.871993793638478,"Nassau, New York, US",45115,US,Nassau,09-05-2020,2198,3324.7993255333386,40.74066522,-73.58941873,New York,0,107.0
435,42995.0,4.863585068484056,"Nassau, New York, US",45193,US,Nassau,09-06-2020,2198,3330.547620942661,40.74066522,-73.58941873,New York,0,78.0
436,43031.0,4.859713900373653,"Nassau, New York, US",45229,US,Nassau,09-07-2020,2198,3333.2006803623494,40.74066522,-73.58941873,New York,0,36.0
437,43095.0,4.854947675188766,"Nassau, New York, US",45294,US,Nassau,09-08-2020,2199,3337.990926536785,40.74066522,-73.58941873,New York,0,65.0
438,43173.0,4.846601428193599,"Nassau, New York, US",45372,US,Nassau,09-09-2020,2199,3343.7392219461076,40.74066522,-73.58941873,New York,0,78.0
439,43246.0,4.838816151391792,"Nassau, New York, US",45445,US,Nassau,09-10-2020,2199,3349.1190368804737,40.74066522,-73.58941873,New York,0,73.0
440,43351.0,4.827661909989023,"Nassau, New York, US",45550,US,Nassau,09-11-2020,2199,3356.8571268545616,40.74066522,-73.58941873,New York,0,105.0
441,43434.0,4.8188810729077645,"Nassau, New York, US",45633,US,Nassau,09-12-2020,2199,3362.9739027388428,40.74066522,-73.58941873,New York,0,83.0
442,43512.0,4.810658266,"Nassau, New York, US",45711,US,Nassau,09-13-2020,2199,3368.7221979999995,40.74066522,-73.58941873,New York,0,78.0
443,43564.0,4.805191967309836,"Nassau, New York, US",45763,US,Nassau,09-14-2020,2199,3372.554395087713,40.74066522,-73.58941873,New York,0,52.0
444,43641.0,4.797120418848167,"Nassau, New York, US",45840,US,Nassau,09-15-2020,2199,3378.2289944020445,40.74066522,-73.58941873,New York,0,77.0
445,43707.0,4.7902235,"Nassau, New York, US",45906,US,Nassau,09-16-2020,2199,3383.092937,40.74066522,-73.58941873,New York,0,66.0
446,43790.0,4.7815782030000005,"Nassau, New York, US",45989,US,Nassau,09-17-2020,2199,3389.209713,40.74066522,-73.58941873,New York,0,83.0
447,43851.0,4.779379831,"Nassau, New York, US",46052,US,Nassau,09-18-2020,2201,3393.8525670000013,40.74066522,-73.58941873,New York,0,63.0
448,43953.0,4.768817437,"Nassau, New York, US",46154,US,Nassau,09-19-2020,2201,3401.369568,40.74066522,-73.58941873,New York,0,102.0
449,44017.0,4.762213856,"Nassau, New York, US",46218,US,Nassau,09-20-2020,2201,3406.086118,40.74066522,-73.58941873,New York,0,64.0
450,44058.0,4.757993039,"Nassau, New York, US",46259,US,Nassau,09-21-2020,2201,3409.107658,40.74066522,-73.58941873,New York,0,41.0
451,44124.0,4.751214247,"Nassau, New York, US",46325,US,Nassau,09-22-2020,2201,3413.9716,40.74066522,-73.58941873,New York,0,66.0
452,44187.0,4.744761576,"Nassau, New York, US",46388,US,Nassau,09-23-2020,2201,3418.614454,40.74066522,-73.58941873,New York,0,63.0
453,44233.0,4.740061162,"Nassau, New York, US",46434,US,Nassau,09-24-2020,2201,3422.004475,40.74066522,-73.58941873,New York,0,46.0
454,44304.0,4.732824427,"Nassau, New York, US",46505,US,Nassau,09-25-2020,2201,3427.236898,40.74066522,-73.58941873,New York,0,71.0
455,44375.0,4.725609756,"Nassau, New York, US",46576,US,Nassau,09-26-2020,2201,3432.46932,40.74066522,-73.58941873,New York,0,71.0
456,44442.0,4.718821688,"Nassau, New York, US",46643,US,Nassau,09-27-2020,2201,3437.4069590000013,40.74066522,-73.58941873,New York,0,67.0
457,44510.0,4.711952216822589,"Nassau, New York, US",46711,US,Nassau,09-28-2020,2201,3442.418293139483,40.74066522,-73.58941873,New York,0,68.0
458,44590.0,4.7038960483853725,"Nassau, New York, US",46791,US,Nassau,09-29-2020,2201,3448.3139807387893,40.74066522,-73.58941873,New York,0,80.0
459,44656.0,4.697270418507373,"Nassau, New York, US",46857,US,Nassau,09-30-2020,2201,3453.177923008216,40.74066522,-73.58941873,New York,0,66.0
460,44728.0,4.690063713268982,"Nassau, New York, US",46929,US,Nassau,10-01-2020,2202,3458.4840418475897,40.74066522,-73.58941873,New York,0,72.0
461,44833.0,4.679593485563634,"Nassau, New York, US",47034,US,Nassau,10-02-2020,2202,3466.222131821679,40.74066522,-73.58941873,New York,0,105.0
462,44966.0,4.666398117327793,"Nassau, New York, US",47167,US,Nassau,10-03-2020,2203,3476.023712455524,40.74066522,-73.58941873,New York,0,133.0
463,45045.0,4.658595436650722,"Nassau, New York, US",47246,US,Nassau,10-04-2020,2204,3481.8457039598384,40.74066522,-73.58941873,New York,0,79.0
464,45101.0,4.653080208025031,"Nassau, New York, US",47302,US,Nassau,10-05-2020,2204,3485.9726852793524,40.74066522,-73.58941873,New York,0,56.0
465,45191.0,4.6442437542201205,"Nassau, New York, US",47392,US,Nassau,10-06-2020,2204,3492.605333828571,40.74066522,-73.58941873,New York,0,90.0
466,45315.0,4.632123916154558,"Nassau, New York, US",47516,US,Nassau,10-07-2020,2204,3501.743649607495,40.74066522,-73.58941873,New York,0,124.0
467,45455.0,4.618516031559509,"Nassau, New York, US",47656,US,Nassau,10-08-2020,2204,3512.0611029062793,40.74066522,-73.58941873,New York,0,140.0
468,45532.0,4.617060499413442,"Nassau, New York, US",47736,US,Nassau,10-09-2020,2204,3517.9567905055846,40.74066522,-73.58941873,New York,0,80.0
469,45637.0,4.606927112727576,"Nassau, New York, US",47841,US,Nassau,10-10-2020,2204,3525.694880479673,40.74066522,-73.58941873,New York,0,105.0
470,45729.0,4.59808482673732,"Nassau, New York, US",47933,US,Nassau,10-11-2020,2204,3532.4749212188744,40.74066522,-73.58941873,New York,0,92.0
471,45794.0,4.591857994083087,"Nassau, New York, US",47998,US,Nassau,10-12-2020,2204,3537.26516739331,40.74066522,-73.58941873,New York,0,65.0
472,45895.0,4.582215846483295,"Nassau, New York, US",48099,US,Nassau,10-13-2020,2205,3544.7084729874327,40.74066522,-73.58941873,New York,0,101.0
473,45980.0,4.5741324921135655,"Nassau, New York, US",48184,US,Nassau,10-14-2020,2205,3550.9726410616954,40.74066522,-73.58941873,New York,0,85.0
474,46068.0,4.5657938349353655,"Nassau, New York, US",48272,US,Nassau,10-15-2020,2205,3557.457897420932,40.74066522,-73.58941873,New York,0,88.0
475,46173.0,4.555883994460177,"Nassau, New York, US",48377,US,Nassau,10-16-2020,2208,3565.19598739502,40.74066522,-73.58941873,New York,0,105.0
476,46290.0,4.544892151606384,"Nassau, New York, US",48494,US,Nassau,10-17-2020,2208,3573.818430509004,40.74066522,-73.58941873,New York,0,117.0
477,0.0,,"Queens, New York, US",0,US,Queens,03-22-2020,0,,40.71088124,-73.81684712,New York,0,-48494.0
478,0.0,,"Queens, New York, US",0,US,Queens,03-23-2020,0,,40.71088124,-73.81684712,New York,0,0.0
479,0.0,,"Queens, New York, US",0,US,Queens,03-24-2020,0,,40.71088124,-73.81684712,New York,0,0.0
480,0.0,,"Queens, New York, US",0,US,Queens,03-25-2020,0,,40.71088124,-73.81684712,New York,0,0.0
481,0.0,,"Queens, New York, US",0,US,Queens,03-26-2020,0,,40.71088124,-73.81684712,New York,0,0.0
482,0.0,,"Queens, New York, US",0,US,Queens,03-27-2020,0,,40.71088124,-73.81684712,New York,0,0.0
483,0.0,,"Queens, New York, US",0,US,Queens,03-28-2020,0,,40.71088124,-73.81684712,New York,0,0.0
484,0.0,,"Queens, New York, US",0,US,Queens,03-29-2020,0,,40.71088124,-73.81684712,New York,0,0.0
485,0.0,,"Queens, New York, US",0,US,Queens,03-30-2020,0,,40.71088124,-73.81684712,New York,0,0.0
486,63000.0,10.284526216855117,"Queens, New York, US",70222,US,Queens,08-31-2020,7222,3115.635501437979,40.71088124,-73.81684712,New York,0,70222.0
487,63064.0,10.277714545868427,"Queens, New York, US",70288,US,Queens,09-01-2020,7224,3118.563813691901,40.71088124,-73.81684712,New York,0,66.0
488,63116.0,10.275218924144204,"Queens, New York, US",70344,US,Queens,09-02-2020,7228,3121.0484422709856,40.71088124,-73.81684712,New York,0,56.0
489,63183.0,10.267990285884707,"Queens, New York, US",70413,US,Queens,09-03-2020,7230,3124.109859627359,40.71088124,-73.81684712,New York,0,69.0
490,63265.0,10.257319564230595,"Queens, New York, US",70496,US,Queens,09-04-2020,7231,3127.7924341285034,40.71088124,-73.81684712,New York,0,83.0
491,63315.0,10.25386610724461,"Queens, New York, US",70549,US,Queens,09-05-2020,7234,3130.1439576051366,40.71088124,-73.81684712,New York,0,53.0
492,63391.0,10.24283185840708,"Queens, New York, US",70625,US,Queens,09-06-2020,7234,3133.5159535338958,40.71088124,-73.81684712,New York,0,76.0
493,63441.0,10.235585426246905,"Queens, New York, US",70675,US,Queens,09-07-2020,7234,3135.734371908079,40.71088124,-73.81684712,New York,0,50.0
494,63531.0,10.223836305570472,"Queens, New York, US",70766,US,Queens,09-08-2020,7235,3139.771893349093,40.71088124,-73.81684712,New York,0,91.0
495,63591.0,10.212639783124363,"Queens, New York, US",70824,US,Queens,09-09-2020,7233,3142.3452586631456,40.71088124,-73.81684712,New York,0,58.0
496,63684.0,10.199247007064598,"Queens, New York, US",70917,US,Queens,09-10-2020,7233,3146.471516839127,40.71088124,-73.81684712,New York,0,93.0
497,63747.0,10.187663783144073,"Queens, New York, US",70978,US,Queens,09-11-2020,7231,3149.1779872556303,40.71088124,-73.81684712,New York,0,61.0
498,63809.0,10.178772522522523,"Queens, New York, US",71040,US,Queens,09-12-2020,7231,3151.9288260396165,40.71088124,-73.81684712,New York,0,62.0
499,63880.0,10.16860964,"Queens, New York, US",71111,US,Queens,09-13-2020,7231,3155.07898,40.71088124,-73.81684712,New York,0,71.0
500,63949.0,10.158752458555773,"Queens, New York, US",71180,US,Queens,09-14-2020,7231,3158.14039748733,40.71088124,-73.81684712,New York,0,69.0
501,64019.0,10.153815926123444,"Queens, New York, US",71254,US,Queens,09-15-2020,7235,3161.423656681122,40.71088124,-73.81684712,New York,0,74.0
502,64074.0,10.14598438,"Queens, New York, US",71309,US,Queens,09-16-2020,7235,3163.863917,40.71088124,-73.81684712,New York,0,55.0
503,64154.0,10.13839086,"Queens, New York, US",71392,US,Queens,09-17-2020,7238,3167.546491,40.71088124,-73.81684712,New York,0,83.0
504,64235.0,10.12815849,"Queens, New York, US",71474,US,Queens,09-18-2020,7239,3171.184698,40.71088124,-73.81684712,New York,0,82.0
505,64334.0,10.11917236,"Queens, New York, US",71577,US,Queens,09-19-2020,7243,3175.754639,40.71088124,-73.81684712,New York,0,103.0
506,64439.0,10.10434977,"Queens, New York, US",71682,US,Queens,09-20-2020,7243,3180.413318,40.71088124,-73.81684712,New York,0,105.0
507,64508.0,10.09588583,"Queens, New York, US",71752,US,Queens,09-21-2020,7244,3183.519104,40.71088124,-73.81684712,New York,0,70.0
508,64573.0,10.08800022,"Queens, New York, US",71818,US,Queens,09-22-2020,7245,3186.447416,40.71088124,-73.81684712,New York,0,66.0
509,64637.0,10.07776742,"Queens, New York, US",71881,US,Queens,09-23-2020,7244,3189.242623,40.71088124,-73.81684712,New York,0,63.0
510,64732.0,10.06696491,"Queens, New York, US",71978,US,Queens,09-24-2020,7246,3193.546355,40.71088124,-73.81684712,New York,0,97.0
511,64805.0,10.05676535,"Queens, New York, US",72051,US,Queens,09-25-2020,7246,3196.785246,40.71088124,-73.81684712,New York,0,73.0
512,64895.0,10.04546589,"Queens, New York, US",72142,US,Queens,09-26-2020,7247,3200.822767,40.71088124,-73.81684712,New York,0,91.0
513,64985.0,10.0341949,"Queens, New York, US",72233,US,Queens,09-27-2020,7248,3204.860288,40.71088124,-73.81684712,New York,0,91.0
514,65073.0,10.024473542303275,"Queens, New York, US",72323,US,Queens,09-28-2020,7250,3208.8534415211607,40.71088124,-73.81684712,New York,0,90.0
515,65213.0,10.007589870972193,"Queens, New York, US",72465,US,Queens,09-29-2020,7252,3215.1537497038407,40.71088124,-73.81684712,New York,0,142.0
516,65303.0,9.996416561001158,"Queens, New York, US",72556,US,Queens,09-30-2020,7253,3219.191271144855,40.71088124,-73.81684712,New York,0,91.0
517,65436.0,9.981841192978594,"Queens, New York, US",72692,US,Queens,10-01-2020,7256,3225.225369122633,40.71088124,-73.81684712,New York,0,136.0
518,65601.0,9.966649739922866,"Queens, New York, US",72863,US,Queens,10-02-2020,7262,3232.81235996234,40.71088124,-73.81684712,New York,0,171.0
519,65750.0,9.946310195584287,"Queens, New York, US",73012,US,Queens,10-03-2020,7262,3239.4232467174065,40.71088124,-73.81684712,New York,0,149.0
520,65868.0,9.93149280059072,"Queens, New York, US",73131,US,Queens,10-04-2020,7263,3244.7030824479625,40.71088124,-73.81684712,New York,0,119.0
521,65979.0,9.920131066967027,"Queens, New York, US",73245,US,Queens,10-05-2020,7266,3249.7610763411003,40.71088124,-73.81684712,New York,0,114.0
522,66116.0,9.902838532085088,"Queens, New York, US",73383,US,Queens,10-06-2020,7267,3255.8839110538465,40.71088124,-73.81684712,New York,0,138.0
523,66264.0,9.890259325237636,"Queens, New York, US",73537,US,Queens,10-07-2020,7273,3262.7166396463317,40.71088124,-73.81684712,New York,0,154.0
524,66468.0,9.86412085378753,"Queens, New York, US",73742,US,Queens,10-08-2020,7274,3271.812154980483,40.71088124,-73.81684712,New York,0,205.0
525,66613.0,9.847203237288364,"Queens, New York, US",73889,US,Queens,10-09-2020,7276,3278.334305000581,40.71088124,-73.81684712,New York,0,147.0
526,66754.0,9.827229869375516,"Queens, New York, US",74029,US,Queens,10-10-2020,7275,3284.5458764482946,40.71088124,-73.81684712,New York,0,140.0
527,66874.0,9.81254214430209,"Queens, New York, US",74150,US,Queens,10-11-2020,7276,3289.914448913817,40.71088124,-73.81684712,New York,0,121.0
528,66987.0,9.80004039587962,"Queens, New York, US",74265,US,Queens,10-12-2020,7278,3295.0168111744397,40.71088124,-73.81684712,New York,0,115.0
529,67125.0,9.783076178700073,"Queens, New York, US",74404,US,Queens,10-13-2020,7279,3301.1840142546694,40.71088124,-73.81684712,New York,0,139.0
530,67229.0,9.77184270567709,"Queens, New York, US",74510,US,Queens,10-14-2020,7281,3305.8870612079377,40.71088124,-73.81684712,New York,0,106.0
531,67350.0,9.757208704041162,"Queens, New York, US",74632,US,Queens,10-15-2020,7282,3311.300002040945,40.71088124,-73.81684712,New York,0,122.0
532,67516.0,9.735554426588946,"Queens, New York, US",74798,US,Queens,10-16-2020,7282,3318.665151043233,40.71088124,-73.81684712,New York,0,166.0
533,67713.0,9.713592362463,"Queens, New York, US",74998,US,Queens,10-17-2020,7285,3327.538824539967,40.71088124,-73.81684712,New York,0,200.0
534,0.0,,"Suffolk, New York, US",1034,US,Suffolk,03-22-2020,9,,40.88320119,-72.8012172,New York,0,-73964.0
535,0.0,,"Suffolk, New York, US",1458,US,Suffolk,03-23-2020,13,,40.88320119,-72.8012172,New York,0,424.0
536,0.0,,"Suffolk, New York, US",1880,US,Suffolk,03-24-2020,17,,40.88320119,-72.8012172,New York,0,422.0
537,0.0,,"Suffolk, New York, US",2260,US,Suffolk,03-25-2020,20,,40.88320119,-72.8012172,New York,0,380.0
538,0.0,,"Suffolk, New York, US",2735,US,Suffolk,03-26-2020,22,,40.88320119,-72.8012172,New York,0,475.0
539,0.0,,"Suffolk, New York, US",3385,US,Suffolk,03-27-2020,30,,40.88320119,-72.8012172,New York,0,650.0
540,0.0,,"Suffolk, New York, US",4138,US,Suffolk,03-28-2020,30,,40.88320119,-72.8012172,New York,0,753.0
541,0.0,,"Suffolk, New York, US",5023,US,Suffolk,03-29-2020,40,,40.88320119,-72.8012172,New York,0,885.0
542,0.0,,"Suffolk, New York, US",5791,US,Suffolk,03-30-2020,40,,40.88320119,-72.8012172,New York,0,768.0
543,0.0,,"Suffolk, New York, US",6713,US,Suffolk,03-31-2020,44,,40.88320119,-72.8012172,New York,0,922.0
544,0.0,,"Suffolk, New York, US",7605,US,Suffolk,04-01-2020,53,,40.88320119,-72.8012172,New York,0,892.0
545,0.0,,"Suffolk, New York, US",8746,US,Suffolk,04-02-2020,69,,40.88320119,-72.8012172,New York,0,1141.0
546,0.0,,"Suffolk, New York, US",10154,US,Suffolk,04-03-2020,84,,40.88320119,-72.8012172,New York,0,1408.0
547,0.0,,"Suffolk, New York, US",11370,US,Suffolk,04-04-2020,124,,40.88320119,-72.8012172,New York,0,1216.0
548,0.0,,"Suffolk, New York, US",13129,US,Suffolk,04-05-2020,175,,40.88320119,-72.8012172,New York,0,1759.0
549,0.0,,"Suffolk, New York, US",14185,US,Suffolk,04-06-2020,199,,40.88320119,-72.8012172,New York,0,1056.0
550,0.0,,"Suffolk, New York, US",15561,US,Suffolk,04-07-2020,263,,40.88320119,-72.8012172,New York,0,1376.0
551,0.0,,"Suffolk, New York, US",17008,US,Suffolk,04-08-2020,323,,40.88320119,-72.8012172,New York,0,1447.0
552,0.0,,"Suffolk, New York, US",18803,US,Suffolk,04-09-2020,362,,40.88320119,-72.8012172,New York,0,1795.0
553,0.0,,"Suffolk, New York, US",20320,US,Suffolk,04-10-2020,414,,40.88320119,-72.8012172,New York,0,1517.0
554,0.0,,"Suffolk, New York, US",20321,US,Suffolk,04-11-2020,458,,40.88320119,-72.8012172,New York,0,1.0
555,20416.0,,"Suffolk, New York, US",20934,US,Suffolk,04-12-2020,518,,40.88320119,-72.8012172,New York,0,613.0
556,21075.0,,"Suffolk, New York, US",21643,US,Suffolk,04-13-2020,568,,40.88320119,-72.8012172,New York,0,709.0
557,22083.0,,"Suffolk, New York, US",22691,US,Suffolk,04-14-2020,608,,40.88320119,-72.8012172,New York,0,1048.0
558,22870.0,,"Suffolk, New York, US",23523,US,Suffolk,04-15-2020,653,,40.88320119,-72.8012172,New York,0,832.0
559,24119.0,,"Suffolk, New York, US",24812,US,Suffolk,04-16-2020,693,,40.88320119,-72.8012172,New York,0,1289.0
560,24342.0,,"Suffolk, New York, US",25035,US,Suffolk,04-17-2020,693,,40.88320119,-72.8012172,New York,0,223.0
561,25450.0,,"Suffolk, New York, US",26143,US,Suffolk,04-18-2020,693,,40.88320119,-72.8012172,New York,0,1108.0
562,26195.0,,"Suffolk, New York, US",26888,US,Suffolk,04-19-2020,693,,40.88320119,-72.8012172,New York,0,745.0
563,27268.0,,"Suffolk, New York, US",28127,US,Suffolk,04-20-2020,859,,40.88320119,-72.8012172,New York,0,1239.0
564,27813.0,,"Suffolk, New York, US",28701,US,Suffolk,04-21-2020,888,,40.88320119,-72.8012172,New York,0,574.0
565,27928.0,,"Suffolk, New York, US",28854,US,Suffolk,04-22-2020,926,,40.88320119,-72.8012172,New York,0,153.0
566,28608.0,,"Suffolk, New York, US",29567,US,Suffolk,04-23-2020,959,,40.88320119,-72.8012172,New York,0,713.0
567,29613.0,,"Suffolk, New York, US",30606,US,Suffolk,04-24-2020,993,,40.88320119,-72.8012172,New York,0,1039.0
568,30326.0,,"Suffolk, New York, US",31368,US,Suffolk,04-25-2020,1042,,40.88320119,-72.8012172,New York,0,762.0
569,30989.0,,"Suffolk, New York, US",32059,US,Suffolk,04-26-2020,1070,,40.88320119,-72.8012172,New York,0,691.0
570,31368.0,,"Suffolk, New York, US",32470,US,Suffolk,04-27-2020,1102,,40.88320119,-72.8012172,New York,0,411.0
571,31593.0,,"Suffolk, New York, US",32724,US,Suffolk,04-28-2020,1131,,40.88320119,-72.8012172,New York,0,254.0
572,32110.0,,"Suffolk, New York, US",33265,US,Suffolk,04-29-2020,1155,,40.88320119,-72.8012172,New York,0,541.0
573,32487.0,,"Suffolk, New York, US",33664,US,Suffolk,04-30-2020,1177,,40.88320119,-72.8012172,New York,0,399.0
574,32834.0,,"Suffolk, New York, US",34037,US,Suffolk,05-01-2020,1203,,40.88320119,-72.8012172,New York,0,373.0
575,33251.0,,"Suffolk, New York, US",34478,US,Suffolk,05-02-2020,1227,,40.88320119,-72.8012172,New York,0,441.0
576,33599.0,,"Suffolk, New York, US",34855,US,Suffolk,05-03-2020,1256,,40.88320119,-72.8012172,New York,0,377.0
577,33804.0,,"Suffolk, New York, US",35077,US,Suffolk,05-04-2020,1273,,40.88320119,-72.8012172,New York,0,222.0
578,33979.0,,"Suffolk, New York, US",35275,US,Suffolk,05-05-2020,1296,,40.88320119,-72.8012172,New York,0,198.0
579,34021.0,,"Suffolk, New York, US",35543,US,Suffolk,05-06-2020,1522,,40.88320119,-72.8012172,New York,0,268.0
580,34345.0,,"Suffolk, New York, US",35892,US,Suffolk,05-07-2020,1547,,40.88320119,-72.8012172,New York,0,349.0
581,34655.0,,"Suffolk, New York, US",36223,US,Suffolk,05-08-2020,1568,,40.88320119,-72.8012172,New York,0,331.0
582,34864.0,,"Suffolk, New York, US",36461,US,Suffolk,05-09-2020,1597,,40.88320119,-72.8012172,New York,0,238.0
583,35085.0,,"Suffolk, New York, US",36702,US,Suffolk,05-10-2020,1617,,40.88320119,-72.8012172,New York,0,241.0
584,35272.0,,"Suffolk, New York, US",36911,US,Suffolk,05-11-2020,1639,,40.88320119,-72.8012172,New York,0,209.0
585,35408.0,,"Suffolk, New York, US",37062,US,Suffolk,05-12-2020,1654,,40.88320119,-72.8012172,New York,0,151.0
586,35625.0,,"Suffolk, New York, US",37305,US,Suffolk,05-13-2020,1680,,40.88320119,-72.8012172,New York,0,243.0
587,35847.0,,"Suffolk, New York, US",37544,US,Suffolk,05-14-2020,1697,,40.88320119,-72.8012172,New York,0,239.0
588,36010.0,,"Suffolk, New York, US",37719,US,Suffolk,05-15-2020,1709,,40.88320119,-72.8012172,New York,0,175.0
589,36209.0,,"Suffolk, New York, US",37942,US,Suffolk,05-16-2020,1733,,40.88320119,-72.8012172,New York,0,223.0
590,36369.0,,"Suffolk, New York, US",38117,US,Suffolk,05-17-2020,1748,,40.88320119,-72.8012172,New York,0,175.0
591,36470.0,,"Suffolk, New York, US",38224,US,Suffolk,05-18-2020,1754,,40.88320119,-72.8012172,New York,0,107.0
592,36555.0,,"Suffolk, New York, US",38327,US,Suffolk,05-19-2020,1772,,40.88320119,-72.8012172,New York,0,103.0
593,36620.0,,"Suffolk, New York, US",38411,US,Suffolk,05-20-2020,1791,,40.88320119,-72.8012172,New York,0,84.0
594,36751.0,,"Suffolk, New York, US",38553,US,Suffolk,05-21-2020,1802,,40.88320119,-72.8012172,New York,0,142.0
595,36858.0,,"Suffolk, New York, US",38672,US,Suffolk,05-22-2020,1814,,40.88320119,-72.8012172,New York,0,119.0
596,36980.0,,"Suffolk, New York, US",38802,US,Suffolk,05-23-2020,1822,,40.88320119,-72.8012172,New York,0,130.0
597,37130.0,,"Suffolk, New York, US",38964,US,Suffolk,05-24-2020,1834,,40.88320119,-72.8012172,New York,0,162.0
598,37250.0,,"Suffolk, New York, US",39090,US,Suffolk,05-25-2020,1840,,40.88320119,-72.8012172,New York,0,126.0
599,37348.0,,"Suffolk, New York, US",39199,US,Suffolk,05-26-2020,1851,,40.88320119,-72.8012172,New York,0,109.0
600,37397.0,,"Suffolk, New York, US",39258,US,Suffolk,05-27-2020,1861,,40.88320119,-72.8012172,New York,0,59.0
601,37488.0,,"Suffolk, New York, US",39359,US,Suffolk,05-28-2020,1871,,40.88320119,-72.8012172,New York,0,101.0
602,37566.0,4.763594878945368,"Suffolk, New York, US",39445,US,Suffolk,05-29-2020,1879,2671.337754748913,40.88320119,-72.8012172,New York,0,86.0
603,37640.0,4.7859961550136605,"Suffolk, New York, US",39532,US,Suffolk,05-30-2020,1892,2677.2296646148825,40.88320119,-72.8012172,New York,0,87.0
604,37742.0,4.795298034962036,"Suffolk, New York, US",39643,US,Suffolk,05-31-2020,1901,2684.7469289266364,40.88320119,-72.8012172,New York,0,111.0
605,37799.0,4.800402971917895,"Suffolk, New York, US",39705,US,Suffolk,06-01-2020,1906,2688.9457612449132,40.88320119,-72.8012172,New York,0,62.0
606,38071.0,4.774887443721863,"Suffolk, New York, US",39980,US,Suffolk,06-02-2020,1909,2707.5696142695283,40.88320119,-72.8012172,New York,0,275.0
607,38147.0,4.780090859168289,"Suffolk, New York, US",40062,US,Suffolk,06-03-2020,1915,2713.1229086259586,40.88320119,-72.8012172,New York,0,82.0
608,38237.0,4.7717480636565135,"Suffolk, New York, US",40153,US,Suffolk,06-04-2020,1916,2719.285710899559,40.88320119,-72.8012172,New York,0,91.0
609,38321.0,4.7665200427446015,"Suffolk, New York, US",40239,US,Suffolk,06-05-2020,1918,2725.109897663621,40.88320119,-72.8012172,New York,0,86.0
610,38355.0,4.7743184865186965,"Suffolk, New York, US",40278,US,Suffolk,06-06-2020,1923,2727.7510986380207,40.88320119,-72.8012172,New York,0,39.0
611,38398.0,4.78811773165712,"Suffolk, New York, US",40329,US,Suffolk,06-07-2020,1931,2731.204976835313,40.88320119,-72.8012172,New York,0,51.0
612,38442.0,4.792332268370607,"Suffolk, New York, US",40377,US,Suffolk,06-08-2020,1935,2734.455685726882,40.88320119,-72.8012172,New York,0,48.0
613,38491.0,4.786523524464454,"Suffolk, New York, US",40426,US,Suffolk,06-09-2020,1935,2737.7741177203593,40.88320119,-72.8012172,New York,0,49.0
614,38523.0,4.7968564650059315,"Suffolk, New York, US",40464,US,Suffolk,06-10-2020,1941,2740.347595592852,40.88320119,-72.8012172,New York,0,38.0
615,38567.0,4.8010466034755135,"Suffolk, New York, US",40512,US,Suffolk,06-11-2020,1945,2743.598304484421,40.88320119,-72.8012172,New York,0,48.0
616,38614.0,4.795483123351167,"Suffolk, New York, US",40559,US,Suffolk,06-12-2020,1945,2746.781290274082,40.88320119,-72.8012172,New York,0,47.0
617,38668.0,4.793795395789734,"Suffolk, New York, US",40615,US,Suffolk,06-13-2020,1947,2750.573783980913,40.88320119,-72.8012172,New York,0,56.0
618,38711.0,4.791067168400599,"Suffolk, New York, US",40659,US,Suffolk,06-14-2020,1948,2753.5536004648525,40.88320119,-72.8012172,New York,0,44.0
619,38737.0,4.804384154133491,"Suffolk, New York, US",40692,US,Suffolk,06-15-2020,1955,2755.7884628278052,40.88320119,-72.8012172,New York,0,33.0
620,38781.0,4.803868623889244,"Suffolk, New York, US",40738,US,Suffolk,06-16-2020,1957,2758.903725515559,40.88320119,-72.8012172,New York,0,46.0
621,38812.0,4.802550895266127,"Suffolk, New York, US",40770,US,Suffolk,06-17-2020,1958,2761.070864776605,40.88320119,-72.8012172,New York,0,32.0
622,38849.0,4.8051948051948035,"Suffolk, New York, US",40810,US,Suffolk,06-18-2020,1961,2763.779788852913,40.88320119,-72.8012172,New York,0,40.0
623,38902.0,4.801292090837903,"Suffolk, New York, US",40864,US,Suffolk,06-19-2020,1962,2767.4368363559283,40.88320119,-72.8012172,New York,0,54.0
624,38945.0,4.798572406375281,"Suffolk, New York, US",40908,US,Suffolk,06-20-2020,1963,2770.416652839867,40.88320119,-72.8012172,New York,0,44.0
625,39008.0,4.7935175241628425,"Suffolk, New York, US",40972,US,Suffolk,06-21-2020,1964,2774.7509313619594,40.88320119,-72.8012172,New York,0,64.0
626,39045.0,4.79151426481346,"Suffolk, New York, US",41010,US,Suffolk,06-22-2020,1965,2777.324409234451,40.88320119,-72.8012172,New York,0,38.0
627,39086.0,4.798324240062354,"Suffolk, New York, US",41056,US,Suffolk,06-23-2020,1970,2780.439671922205,40.88320119,-72.8012172,New York,0,46.0
628,39129.0,4.797936789859127,"Suffolk, New York, US",41101,US,Suffolk,06-24-2020,1972,2783.487211508051,40.88320119,-72.8012172,New York,0,45.0
629,39177.0,4.796967266895094,"Suffolk, New York, US",41151,US,Suffolk,06-25-2020,1974,2786.8733666034364,40.88320119,-72.8012172,New York,0,50.0
630,39233.0,4.7927586876334685,"Suffolk, New York, US",41208,US,Suffolk,06-26-2020,1975,2790.733583412174,40.88320119,-72.8012172,New York,0,57.0
631,39275.0,4.7948028022204445,"Suffolk, New York, US",41253,US,Suffolk,06-27-2020,1978,2793.7811229980202,40.88320119,-72.8012172,New York,0,45.0
632,39328.0,4.788650559240788,"Suffolk, New York, US",41306,US,Suffolk,06-28-2020,1978,2797.3704473991284,40.88320119,-72.8012172,New York,0,53.0
633,39360.0,4.78724691,"Suffolk, New York, US",41339,US,Suffolk,06-29-2020,1979,2799.605309762082,40.88320119,-72.8012172,New York,0,33.0
634,39404.0,4.7867584873746525,"Suffolk, New York, US",41385,US,Suffolk,06-30-2020,1981,2802.720572449836,40.88320119,-72.8012172,New York,0,46.0
635,39446.0,4.781905520554228,"Suffolk, New York, US",41427,US,Suffolk,07-01-2020,1981,2805.564942729959,40.88320119,-72.8012172,New York,0,42.0
636,39510.0,4.7745294160179315,"Suffolk, New York, US",41491,US,Suffolk,07-02-2020,1981,2809.8992212520507,40.88320119,-72.8012172,New York,0,64.0
637,39555.0,4.773941932688142,"Suffolk, New York, US",41538,US,Suffolk,07-03-2020,1983,2813.0822070417125,40.88320119,-72.8012172,New York,0,47.0
638,39602.0,4.768546350847662,"Suffolk, New York, US",41585,US,Suffolk,07-04-2020,1983,2816.2651928313744,40.88320119,-72.8012172,New York,0,47.0
639,39659.0,4.762019115316266,"Suffolk, New York, US",41642,US,Suffolk,07-05-2020,1983,2820.125409640113,40.88320119,-72.8012172,New York,0,57.0
640,39701.0,4.759505817440326,"Suffolk, New York, US",41685,US,Suffolk,07-06-2020,1984,2823.0375030221435,40.88320119,-72.8012172,New York,0,43.0
641,39745.0,4.7567697100407385,"Suffolk, New York, US",41730,US,Suffolk,07-07-2020,1985,2826.0850426079896,40.88320119,-72.8012172,New York,0,45.0
642,39814.0,4.7489174382162265,"Suffolk, New York, US",41799,US,Suffolk,07-08-2020,1985,2830.7579366396203,40.88320119,-72.8012172,New York,0,69.0
643,39858.0,4.7575808263040935,"Suffolk, New York, US",41849,US,Suffolk,07-09-2020,1991,2834.144091735005,40.88320119,-72.8012172,New York,0,50.0
644,39919.0,4.752928825368042,"Suffolk, New York, US",41911,US,Suffolk,07-10-2020,1992,2838.342924053282,40.88320119,-72.8012172,New York,0,62.0
645,39994.0,4.74670731416867,"Suffolk, New York, US",41987,US,Suffolk,07-11-2020,1993,2843.4898797982664,40.88320119,-72.8012172,New York,0,76.0
646,40035.0,4.742076710764253,"Suffolk, New York, US",42028,US,Suffolk,07-12-2020,1993,2846.2665269764807,40.88320119,-72.8012172,New York,0,41.0
647,40119.0,4.7326177811550165,"Suffolk, New York, US",42112,US,Suffolk,07-13-2020,1993,2851.955267536728,40.88320119,-72.8012172,New York,0,84.0
648,40221.0,4.721182546074762,"Suffolk, New York, US",42214,US,Suffolk,07-14-2020,1993,2858.8630239313125,40.88320119,-72.8012172,New York,0,102.0
649,40274.0,4.715262497929827,"Suffolk, New York, US",42267,US,Suffolk,07-15-2020,1993,2862.45234833242,40.88320119,-72.8012172,New York,0,53.0
650,40340.0,4.707911085914064,"Suffolk, New York, US",42333,US,Suffolk,07-16-2020,1993,2866.9220730583284,40.88320119,-72.8012172,New York,0,66.0
651,40389.0,4.702468028880184,"Suffolk, New York, US",42382,US,Suffolk,07-17-2020,1993,2870.240505051805,40.88320119,-72.8012172,New York,0,49.0
652,40447.0,4.6960414703110285,"Suffolk, New York, US",42440,US,Suffolk,07-18-2020,1993,2874.1684449624518,40.88320119,-72.8012172,New York,0,58.0
653,40472.0,4.695521122780577,"Suffolk, New York, US",42466,US,Suffolk,07-19-2020,1994,2875.9292456120506,40.88320119,-72.8012172,New York,0,26.0
654,40502.0,4.692206325301205,"Suffolk, New York, US",42496,US,Suffolk,07-20-2020,1994,2877.9609386692823,40.88320119,-72.8012172,New York,0,30.0
655,40580.0,4.685848502642397,"Suffolk, New York, US",42575,US,Suffolk,07-21-2020,1995,2883.311063719989,40.88320119,-72.8012172,New York,0,79.0
656,40626.0,4.680791159287675,"Suffolk, New York, US",42621,US,Suffolk,07-22-2020,1995,2886.426326407743,40.88320119,-72.8012172,New York,0,46.0
657,40720.0,4.670490460025752,"Suffolk, New York, US",42715,US,Suffolk,07-23-2020,1995,2892.7922979870673,40.88320119,-72.8012172,New York,0,94.0
658,40778.0,4.6641572954901465,"Suffolk, New York, US",42773,US,Suffolk,07-24-2020,1995,2896.7202378977117,40.88320119,-72.8012172,New York,0,58.0
659,40826.0,4.661155480827612,"Suffolk, New York, US",42822,US,Suffolk,07-25-2020,1996,2900.038669891189,40.88320119,-72.8012172,New York,0,49.0
660,40887.0,4.654525103187743,"Suffolk, New York, US",42883,US,Suffolk,07-26-2020,1996,2904.1697791075585,40.88320119,-72.8012172,New York,0,61.0
661,40971.0,4.645425559150046,"Suffolk, New York, US",42967,US,Suffolk,07-27-2020,1996,2909.858519667805,40.88320119,-72.8012172,New York,0,84.0
662,41028.0,4.639271104499813,"Suffolk, New York, US",43024,US,Suffolk,07-28-2020,1996,2913.7187364765427,40.88320119,-72.8012172,New York,0,57.0
663,41088.0,4.632810324018197,"Suffolk, New York, US",43084,US,Suffolk,07-29-2020,1996,2917.782122591005,40.88320119,-72.8012172,New York,0,60.0
664,41174.0,4.623581190641648,"Suffolk, New York, US",43170,US,Suffolk,07-30-2020,1996,2923.606309355066,40.88320119,-72.8012172,New York,0,86.0
665,41228.0,4.61780492319082,"Suffolk, New York, US",43224,US,Suffolk,07-31-2020,1996,2927.263356858081,40.88320119,-72.8012172,New York,0,54.0
666,41304.0,4.609699769053118,"Suffolk, New York, US",43300,US,Suffolk,08-01-2020,1996,2932.410312603066,40.88320119,-72.8012172,New York,0,76.0
667,41348.0,4.607221132771946,"Suffolk, New York, US",43345,US,Suffolk,08-02-2020,1997,2935.4578521889116,40.88320119,-72.8012172,New York,0,45.0
668,41398.0,4.601912662749164,"Suffolk, New York, US",43395,US,Suffolk,08-03-2020,1997,2938.844007284297,40.88320119,-72.8012172,New York,0,50.0
669,41471.0,4.594184227477685,"Suffolk, New York, US",43468,US,Suffolk,08-04-2020,1997,2943.7877937235585,40.88320119,-72.8012172,New York,0,73.0
670,41556.0,4.585218010240396,"Suffolk, New York, US",43553,US,Suffolk,08-05-2020,1997,2949.544257385712,40.88320119,-72.8012172,New York,0,85.0
671,41632.0,4.579417831767133,"Suffolk, New York, US",43630,US,Suffolk,08-06-2020,1998,2954.7589362326044,40.88320119,-72.8012172,New York,0,77.0
672,41683.0,4.574071106430714,"Suffolk, New York, US",43681,US,Suffolk,08-07-2020,1998,2958.2128144298968,40.88320119,-72.8012172,New York,0,51.0
673,41751.0,4.5669615305492695,"Suffolk, New York, US",43749,US,Suffolk,08-08-2020,1998,2962.81798535962,40.88320119,-72.8012172,New York,0,68.0
674,41788.0,4.563102361485408,"Suffolk, New York, US",43786,US,Suffolk,08-09-2020,1998,2965.3237401302044,40.88320119,-72.8012172,New York,0,37.0
675,41846.0,4.557065961134934,"Suffolk, New York, US",43844,US,Suffolk,08-10-2020,1998,2969.2516800408507,40.88320119,-72.8012172,New York,0,58.0
676,41895.0,4.5519786754152145,"Suffolk, New York, US",43893,US,Suffolk,08-11-2020,1998,2972.5701120343274,40.88320119,-72.8012172,New York,0,49.0
677,41950.0,4.546281969600437,"Suffolk, New York, US",43948,US,Suffolk,08-12-2020,1998,2976.2948826392512,40.88320119,-72.8012172,New York,0,55.0
678,41989.0,4.542251119648987,"Suffolk, New York, US",43987,US,Suffolk,08-13-2020,1998,2978.936083613651,40.88320119,-72.8012172,New York,0,39.0
679,42047.0,4.53626972414576,"Suffolk, New York, US",44045,US,Suffolk,08-14-2020,1998,2982.864023524296,40.88320119,-72.8012172,New York,0,58.0
680,42111.0,4.529687818812487,"Suffolk, New York, US",44109,US,Suffolk,08-15-2020,1998,2987.198302046389,40.88320119,-72.8012172,New York,0,64.0
681,42161.0,4.524558980049367,"Suffolk, New York, US",44159,US,Suffolk,08-16-2020,1998,2990.5844571417742,40.88320119,-72.8012172,New York,0,50.0
682,42187.0,4.521896571234582,"Suffolk, New York, US",44185,US,Suffolk,08-17-2020,1998,2992.345257791373,40.88320119,-72.8012172,New York,0,26.0
683,42235.0,4.521306658,"Suffolk, New York, US",44235,US,Suffolk,08-18-2020,2000,2995.731413,40.88320119,-72.8012172,New York,0,50.0
684,42305.0,4.51416318699921,"Suffolk, New York, US",44305,US,Suffolk,08-19-2020,2000,3000.472030020297,40.88320119,-72.8012172,New York,0,70.0
685,42353.0,4.509277839154059,"Suffolk, New York, US",44353,US,Suffolk,08-20-2020,2000,3003.7227389118652,40.88320119,-72.8012172,New York,0,48.0
686,42400.0,4.504504504504505,"Suffolk, New York, US",44400,US,Suffolk,08-21-2020,2000,3006.9057247015276,40.88320119,-72.8012172,New York,0,47.0
687,42455.0,4.5010797192729886,"Suffolk, New York, US",44456,US,Suffolk,08-22-2020,2001,3010.698218408358,40.88320119,-72.8012172,New York,0,56.0
688,42497.0,4.496831318261496,"Suffolk, New York, US",44498,US,Suffolk,08-23-2020,2001,3013.542588688481,40.88320119,-72.8012172,New York,0,42.0
689,42518.0,4.49471012376738,"Suffolk, New York, US",44519,US,Suffolk,08-24-2020,2001,3014.9647738285425,40.88320119,-72.8012172,New York,0,21.0
690,42560.0,4.490473732636161,"Suffolk, New York, US",44561,US,Suffolk,08-25-2020,2001,3017.809144108666,40.88320119,-72.8012172,New York,0,42.0
691,42604.0,4.486044165452303,"Suffolk, New York, US",44605,US,Suffolk,08-26-2020,2001,3020.7889605926043,40.88320119,-72.8012172,New York,0,44.0
692,42640.0,4.482426468941108,"Suffolk, New York, US",44641,US,Suffolk,08-27-2020,2001,3023.2269922612813,40.88320119,-72.8012172,New York,0,36.0
693,42677.0,4.4787143560589096,"Suffolk, New York, US",44678,US,Suffolk,08-28-2020,2001,3025.732747031865,40.88320119,-72.8012172,New York,0,37.0
694,42710.0,4.47754517802827,"Suffolk, New York, US",44712,US,Suffolk,08-29-2020,2002,3028.0353324967273,40.88320119,-72.8012172,New York,0,34.0
695,42761.0,4.4724437593548245,"Suffolk, New York, US",44763,US,Suffolk,08-30-2020,2002,3031.4892106940197,40.88320119,-72.8012172,New York,0,51.0
696,42818.0,4.466755912539045,"Suffolk, New York, US",44820,US,Suffolk,08-31-2020,2002,3035.3494275027588,40.88320119,-72.8012172,New York,0,57.0
697,42883.0,4.460287401136237,"Suffolk, New York, US",44885,US,Suffolk,09-01-2020,2002,3039.751429126758,40.88320119,-72.8012172,New York,0,65.0
698,42937.0,4.457053849577214,"Suffolk, New York, US",44940,US,Suffolk,09-02-2020,2003,3043.476199731681,40.88320119,-72.8012172,New York,0,55.0
699,43001.0,4.454961560680798,"Suffolk, New York, US",45006,US,Suffolk,09-03-2020,2005,3047.945924457589,40.88320119,-72.8012172,New York,0,66.0
700,43097.0,4.4454791361802135,"Suffolk, New York, US",45102,US,Suffolk,09-04-2020,2005,3054.447342240728,40.88320119,-72.8012172,New York,0,96.0
701,43195.0,4.435840707964601,"Suffolk, New York, US",45200,US,Suffolk,09-05-2020,2005,3061.084206227681,40.88320119,-72.8012172,New York,0,98.0
702,43253.0,4.430155994520306,"Suffolk, New York, US",45258,US,Suffolk,09-06-2020,2005,3065.0121461383283,40.88320119,-72.8012172,New York,0,58.0
703,43299.0,4.4256577785625995,"Suffolk, New York, US",45304,US,Suffolk,09-07-2020,2005,3068.127408826081,40.88320119,-72.8012172,New York,0,46.0
704,43350.0,4.4227886056971535,"Suffolk, New York, US",45356,US,Suffolk,09-08-2020,2006,3071.6490101252807,40.88320119,-72.8012172,New York,0,52.0
705,43405.0,4.417431899759968,"Suffolk, New York, US",45411,US,Suffolk,09-09-2020,2006,3075.3737807302036,40.88320119,-72.8012172,New York,0,55.0
706,43457.0,4.4123792974506735,"Suffolk, New York, US",45463,US,Suffolk,09-10-2020,2006,3078.895382029404,40.88320119,-72.8012172,New York,0,52.0
707,43526.0,4.409891509641147,"Suffolk, New York, US",45534,US,Suffolk,09-11-2020,2008,3083.70372226485,40.88320119,-72.8012172,New York,0,71.0
708,43607.0,4.4020607256384965,"Suffolk, New York, US",45615,US,Suffolk,09-12-2020,2008,3089.189293519373,40.88320119,-72.8012172,New York,0,81.0
709,43675.0,4.395508176,"Suffolk, New York, US",45683,US,Suffolk,09-13-2020,2008,3093.794464,40.88320119,-72.8012172,New York,0,68.0
710,43706.0,4.392527453296584,"Suffolk, New York, US",45714,US,Suffolk,09-14-2020,2008,3095.8938806082347,40.88320119,-72.8012172,New York,0,31.0
711,43777.0,4.385715845801027,"Suffolk, New York, US",45785,US,Suffolk,09-15-2020,2008,3100.702220843681,40.88320119,-72.8012172,New York,0,71.0
712,43835.0,4.380167092,"Suffolk, New York, US",45843,US,Suffolk,09-16-2020,2008,3104.630161,40.88320119,-72.8012172,New York,0,58.0
713,43907.0,4.373298486,"Suffolk, New York, US",45915,US,Suffolk,09-17-2020,2008,3109.506224,40.88320119,-72.8012172,New York,0,72.0
714,43945.0,4.375924798,"Suffolk, New York, US",45956,US,Suffolk,09-18-2020,2011,3112.282871,40.88320119,-72.8012172,New York,0,41.0
715,43999.0,4.370788959,"Suffolk, New York, US",46010,US,Suffolk,09-19-2020,2011,3115.939919,40.88320119,-72.8012172,New York,0,54.0
716,44050.0,4.365949502,"Suffolk, New York, US",46061,US,Suffolk,09-20-2020,2011,3119.393797,40.88320119,-72.8012172,New York,0,51.0
717,44098.0,4.361404498,"Suffolk, New York, US",46109,US,Suffolk,09-21-2020,2012,3122.644506,40.88320119,-72.8012172,New York,0,48.0
718,44165.0,4.35507623,"Suffolk, New York, US",46176,US,Suffolk,09-22-2020,2012,3127.181954,40.88320119,-72.8012172,New York,0,67.0
719,44197.0,4.352060249,"Suffolk, New York, US",46208,US,Suffolk,09-23-2020,2012,3129.349093,40.88320119,-72.8012172,New York,0,32.0
720,44230.0,4.348954391,"Suffolk, New York, US",46241,US,Suffolk,09-24-2020,2012,3131.583955,40.88320119,-72.8012172,New York,0,33.0
721,44282.0,4.344069298,"Suffolk, New York, US",46293,US,Suffolk,09-25-2020,2013,3135.105557,40.88320119,-72.8012172,New York,0,52.0
722,44334.0,4.339195167,"Suffolk, New York, US",46345,US,Suffolk,09-26-2020,2013,3138.627158,40.88320119,-72.8012172,New York,0,52.0
723,44376.0,4.335266346,"Suffolk, New York, US",46387,US,Suffolk,09-27-2020,2013,3141.471528,40.88320119,-72.8012172,New York,0,42.0
724,44417.0,4.331437925389851,"Suffolk, New York, US",46428,US,Suffolk,09-28-2020,2013,3144.2481753703278,40.88320119,-72.8012172,New York,0,41.0
725,44453.0,4.328081955922865,"Suffolk, New York, US",46464,US,Suffolk,09-29-2020,2014,3146.686207039004,40.88320119,-72.8012172,New York,0,36.0
726,44506.0,4.323150676096912,"Suffolk, New York, US",46517,US,Suffolk,09-30-2020,2015,3150.2755314401115,40.88320119,-72.8012172,New York,0,53.0
727,44552.0,4.318879797263922,"Suffolk, New York, US",46563,US,Suffolk,10-01-2020,2015,3153.390794127865,40.88320119,-72.8012172,New York,0,46.0
728,44656.0,4.309254933893329,"Suffolk, New York, US",46667,US,Suffolk,10-02-2020,2015,3160.4339967262654,40.88320119,-72.8012172,New York,0,104.0
729,44759.0,4.299764806499893,"Suffolk, New York, US",46770,US,Suffolk,10-03-2020,2015,3167.409476222757,40.88320119,-72.8012172,New York,0,103.0
730,44831.0,4.293155714956663,"Suffolk, New York, US",46842,US,Suffolk,10-04-2020,2015,3172.2855395601123,40.88320119,-72.8012172,New York,0,72.0
731,44880.0,4.288669467488432,"Suffolk, New York, US",46891,US,Suffolk,10-05-2020,2015,3175.603971553588,40.88320119,-72.8012172,New York,0,49.0
732,44969.0,4.28054491272882,"Suffolk, New York, US",46980,US,Suffolk,10-06-2020,2016,3181.6313276233727,40.88320119,-72.8012172,New York,0,89.0
733,45078.0,4.2706364543736335,"Suffolk, New York, US",47089,US,Suffolk,10-07-2020,2016,3189.0131457313123,40.88320119,-72.8012172,New York,0,109.0
734,45185.0,4.260954318162557,"Suffolk, New York, US",47196,US,Suffolk,10-08-2020,2016,3196.2595176354343,40.88320119,-72.8012172,New York,0,107.0
735,45269.0,4.263508512213177,"Suffolk, New York, US",47285,US,Suffolk,10-09-2020,2016,3202.286873705219,40.88320119,-72.8012172,New York,0,89.0
736,45341.0,4.257026416369279,"Suffolk, New York, US",47357,US,Suffolk,10-10-2020,2016,3207.162937042573,40.88320119,-72.8012172,New York,0,72.0
737,45415.0,4.250384769454576,"Suffolk, New York, US",47431,US,Suffolk,10-11-2020,2016,3212.174446583742,40.88320119,-72.8012172,New York,0,74.0
738,45477.0,4.2448360811066905,"Suffolk, New York, US",47493,US,Suffolk,10-12-2020,2017,3216.373278902019,40.88320119,-72.8012172,New York,0,62.0
739,45545.0,4.2387670570425335,"Suffolk, New York, US",47561,US,Suffolk,10-13-2020,2017,3220.978449831741,40.88320119,-72.8012172,New York,0,68.0
740,45614.0,4.232626495905942,"Suffolk, New York, US",47630,US,Suffolk,10-14-2020,2017,3225.651343863373,40.88320119,-72.8012172,New York,0,69.0
741,45695.0,4.225440674058393,"Suffolk, New York, US",47711,US,Suffolk,10-15-2020,2017,3231.136915117896,40.88320119,-72.8012172,New York,0,81.0
742,45799.0,4.21625013071212,"Suffolk, New York, US",47815,US,Suffolk,10-16-2020,2017,3238.1801177162956,40.88320119,-72.8012172,New York,0,104.0
743,45925.0,4.205168853382284,"Suffolk, New York, US",47941,US,Suffolk,10-17-2020,2018,3246.713228556665,40.88320119,-72.8012172,New York,0,126.0
