,Active,Case-Fatality_Ratio,Combined_Key,Confirmed,Country/Region,Date,Deaths,Incidence_Rate,Latitude,Longitude,Province/State,Recovered,Difference,timestamp,Prediction,Month
0,0.0,,"British Columbia, Canada",424,Canada,2020-03-22,10,,53.7267,-127.6476,British Columbia,0,0.0,1584835200.0,0.09406454524832952,March
1,0.0,,"British Columbia, Canada",472,Canada,2020-03-23,13,,53.7267,-127.6476,British Columbia,0,48.0,1584921600.0,0.5837089492360974,March
2,0.0,,"British Columbia, Canada",617,Canada,2020-03-24,13,,53.7267,-127.6476,British Columbia,0,145.0,1585008000.0,1.0733533532220463,March
3,0.0,,"British Columbia, Canada",617,Canada,2020-03-25,13,,53.7267,-127.6476,British Columbia,0,0.0,1585094400.0,1.5629977572098142,March
4,0.0,,"British Columbia, Canada",725,Canada,2020-03-26,14,,53.7267,-127.6476,British Columbia,0,108.0,1585180800.0,2.052642161197582,March
5,0.0,,"British Columbia, Canada",725,Canada,2020-03-27,14,,53.7267,-127.6476,British Columbia,0,0.0,1585267200.0,2.542286565183531,March
6,0.0,,"British Columbia, Canada",884,Canada,2020-03-28,17,,53.7267,-127.6476,British Columbia,0,159.0,1585353600.0,3.031930969171299,March
7,0.0,,"British Columbia, Canada",884,Canada,2020-03-29,17,,53.7267,-127.6476,British Columbia,0,0.0,1585440000.0,3.5215753731590667,March
8,0.0,,"British Columbia, Canada",970,Canada,2020-03-30,19,,53.7267,-127.6476,British Columbia,0,86.0,1585526400.0,4.0112197771450155,March
9,0.0,,"British Columbia, Canada",1013,Canada,2020-03-31,24,,53.7267,-127.6476,British Columbia,0,43.0,1585612800.0,4.500864181132783,March
10,0.0,,"British Columbia, Canada",1013,Canada,2020-04-01,24,,53.7267,-127.6476,British Columbia,0,0.0,1585699200.0,4.990508585120551,April
11,0.0,,"British Columbia, Canada",1121,Canada,2020-04-02,31,,53.7267,-127.6476,British Columbia,0,108.0,1585785600.0,5.4801529891065,April
12,0.0,,"British Columbia, Canada",1174,Canada,2020-04-03,31,,53.7267,-127.6476,British Columbia,0,53.0,1585872000.0,5.969797393094268,April
13,0.0,,"British Columbia, Canada",1203,Canada,2020-04-04,38,,53.7267,-127.6476,British Columbia,0,29.0,1585958400.0,6.459441797082036,April
14,0.0,,"British Columbia, Canada",1203,Canada,2020-04-05,38,,53.7267,-127.6476,British Columbia,0,0.0,1586044800.0,6.949086201067985,April
15,0.0,,"British Columbia, Canada",1266,Canada,2020-04-06,38,,53.7267,-127.6476,British Columbia,0,63.0,1586131200.0,7.438730605055753,April
16,0.0,,"British Columbia, Canada",1266,Canada,2020-04-07,39,,53.7267,-127.6476,British Columbia,0,0.0,1586217600.0,7.9283750090435205,April
17,0.0,,"British Columbia, Canada",1291,Canada,2020-04-08,43,,53.7267,-127.6476,British Columbia,0,25.0,1586304000.0,8.41801941302947,April
18,0.0,,"British Columbia, Canada",1336,Canada,2020-04-09,48,,53.7267,-127.6476,British Columbia,0,45.0,1586390400.0,8.907663817017237,April
19,0.0,,"British Columbia, Canada",1370,Canada,2020-04-10,50,,53.7267,-127.6476,British Columbia,0,34.0,1586476800.0,9.397308221005005,April
20,0.0,,"British Columbia, Canada",1445,Canada,2020-04-11,58,,53.7267,-127.6476,British Columbia,0,75.0,1586563200.0,9.886952624990954,April
21,1387.0,,"British Columbia, Canada",1445,Canada,2020-04-12,58,,53.7267,-127.6476,British Columbia,0,0.0,1586649600.0,10.376597028978722,April
22,1421.0,,"British Columbia, Canada",1490,Canada,2020-04-13,69,,53.7267,-127.6476,British Columbia,0,45.0,1586736000.0,10.86624143296649,April
23,1421.0,,"British Columbia, Canada",1490,Canada,2020-04-14,69,,53.7267,-127.6476,British Columbia,0,0.0,1586822400.0,11.355885836952439,April
24,1445.0,,"British Columbia, Canada",1517,Canada,2020-04-15,72,,53.7267,-127.6476,British Columbia,0,27.0,1586908800.0,11.845530240940207,April
25,1486.0,,"British Columbia, Canada",1561,Canada,2020-04-16,75,,53.7267,-127.6476,British Columbia,0,44.0,1586995200.0,12.335174644926155,April
26,1498.0,,"British Columbia, Canada",1575,Canada,2020-04-17,77,,53.7267,-127.6476,British Columbia,0,14.0,1587081600.0,12.824819048913923,April
27,1540.0,,"British Columbia, Canada",1618,Canada,2020-04-18,78,,53.7267,-127.6476,British Columbia,0,43.0,1587168000.0,13.314463452901691,April
28,1566.0,,"British Columbia, Canada",1647,Canada,2020-04-19,81,,53.7267,-127.6476,British Columbia,0,29.0,1587254400.0,13.80410785688764,April
29,1565.0,,"British Columbia, Canada",1647,Canada,2020-04-20,82,,53.7267,-127.6476,British Columbia,0,0.0,1587340800.0,14.293752260875408,April
30,1637.0,,"British Columbia, Canada",1724,Canada,2020-04-21,87,,53.7267,-127.6476,British Columbia,0,77.0,1587427200.0,14.783396664863176,April
31,1705.0,,"British Columbia, Canada",1795,Canada,2020-04-22,90,,53.7267,-127.6476,British Columbia,0,71.0,1587513600.0,15.273041068849125,April
32,1730.0,,"British Columbia, Canada",1824,Canada,2020-04-23,94,,53.7267,-127.6476,British Columbia,0,29.0,1587600000.0,15.762685472836893,April
33,1755.0,,"British Columbia, Canada",1853,Canada,2020-04-24,98,,53.7267,-127.6476,British Columbia,0,29.0,1587686400.0,16.25232987682466,April
34,1848.0,,"British Columbia, Canada",1948,Canada,2020-04-25,100,,53.7267,-127.6476,British Columbia,0,95.0,1587772800.0,16.74197428081061,April
35,1848.0,,"British Columbia, Canada",1948,Canada,2020-04-26,100,,53.7267,-127.6476,British Columbia,0,0.0,1587859200.0,17.231618684798377,April
36,1894.0,,"British Columbia, Canada",1998,Canada,2020-04-27,104,,53.7267,-127.6476,British Columbia,0,50.0,1587945600.0,17.721263088786145,April
37,1947.0,,"British Columbia, Canada",2053,Canada,2020-04-28,106,,53.7267,-127.6476,British Columbia,0,55.0,1588032000.0,18.210907492772094,April
38,1978.0,,"British Columbia, Canada",2087,Canada,2020-04-29,109,,53.7267,-127.6476,British Columbia,0,34.0,1588118400.0,18.700551896759862,April
39,2001.0,,"British Columbia, Canada",2112,Canada,2020-04-30,111,,53.7267,-127.6476,British Columbia,0,25.0,1588204800.0,19.19019630074763,April
40,2033.0,,"British Columbia, Canada",2145,Canada,2020-05-01,112,,53.7267,-127.6476,British Columbia,0,33.0,1588291200.0,19.67984070473358,May
41,2057.0,,"British Columbia, Canada",2171,Canada,2020-05-02,114,,53.7267,-127.6476,British Columbia,0,26.0,1588377600.0,20.169485108721346,May
42,2057.0,,"British Columbia, Canada",2171,Canada,2020-05-03,114,,53.7267,-127.6476,British Columbia,0,0.0,1588464000.0,20.659129512709114,May
43,2107.0,,"British Columbia, Canada",2224,Canada,2020-05-04,117,,53.7267,-127.6476,British Columbia,0,53.0,1588550400.0,21.148773916695063,May
44,2111.0,,"British Columbia, Canada",2232,Canada,2020-05-05,121,,53.7267,-127.6476,British Columbia,0,8.0,1588636800.0,21.63841832068283,May
45,2131.0,,"British Columbia, Canada",2255,Canada,2020-05-06,124,,53.7267,-127.6476,British Columbia,0,23.0,1588723200.0,22.12806272466878,May
46,2162.0,,"British Columbia, Canada",2288,Canada,2020-05-07,126,,53.7267,-127.6476,British Columbia,0,33.0,1588809600.0,22.617707128656548,May
47,2188.0,,"British Columbia, Canada",2315,Canada,2020-05-08,127,,53.7267,-127.6476,British Columbia,0,27.0,1588896000.0,23.107351532644316,May
48,2201.0,,"British Columbia, Canada",2330,Canada,2020-05-09,129,,53.7267,-127.6476,British Columbia,0,15.0,1588982400.0,23.596995936630265,May
49,2201.0,,"British Columbia, Canada",2330,Canada,2020-05-10,129,,53.7267,-127.6476,British Columbia,0,0.0,1589068800.0,24.086640340618032,May
50,2223.0,,"British Columbia, Canada",2353,Canada,2020-05-11,130,,53.7267,-127.6476,British Columbia,0,23.0,1589155200.0,24.5762847446058,May
51,2228.0,,"British Columbia, Canada",2360,Canada,2020-05-12,132,,53.7267,-127.6476,British Columbia,0,7.0,1589241600.0,25.06592914859175,May
52,2244.0,,"British Columbia, Canada",2376,Canada,2020-05-13,132,,53.7267,-127.6476,British Columbia,0,16.0,1589328000.0,25.555573552579517,May
53,372.0,,"British Columbia, Canada",2392,Canada,2020-05-14,135,,53.7267,-127.6476,British Columbia,1885,16.0,1589414400.0,26.045217956567285,May
54,359.0,,"British Columbia, Canada",2407,Canada,2020-05-15,140,,53.7267,-127.6476,British Columbia,1908,15.0,1589500800.0,26.534862360553234,May
55,355.0,,"British Columbia, Canada",2428,Canada,2020-05-16,141,,53.7267,-127.6476,British Columbia,1932,21.0,1589587200.0,27.024506764541,May
56,355.0,,"British Columbia, Canada",2428,Canada,2020-05-17,141,,53.7267,-127.6476,British Columbia,1932,0.0,1589673600.0,27.51415116852877,May
57,335.0,,"British Columbia, Canada",2444,Canada,2020-05-18,143,,53.7267,-127.6476,British Columbia,1966,16.0,1589760000.0,28.00379557251472,May
58,319.0,,"British Columbia, Canada",2446,Canada,2020-05-19,146,,53.7267,-127.6476,British Columbia,1981,2.0,1589846400.0,28.493439976502486,May
59,313.0,,"British Columbia, Canada",2467,Canada,2020-05-20,149,,53.7267,-127.6476,British Columbia,2005,21.0,1589932800.0,28.983084380490254,May
60,304.0,,"British Columbia, Canada",2479,Canada,2020-05-21,152,,53.7267,-127.6476,British Columbia,2023,12.0,1590019200.0,29.472728784476203,May
61,309.0,,"British Columbia, Canada",2507,Canada,2020-05-22,155,,53.7267,-127.6476,British Columbia,2043,28.0,1590105600.0,29.96237318846397,May
62,303.0,,"British Columbia, Canada",2517,Canada,2020-05-23,157,,53.7267,-127.6476,British Columbia,2057,10.0,1590192000.0,30.45201759245174,May
63,303.0,,"British Columbia, Canada",2517,Canada,2020-05-24,157,,53.7267,-127.6476,British Columbia,2057,0.0,1590278400.0,30.941661996437688,May
64,267.0,,"British Columbia, Canada",2530,Canada,2020-05-25,161,,53.7267,-127.6476,British Columbia,2102,13.0,1590364800.0,31.431306400425456,May
65,258.0,,"British Columbia, Canada",2541,Canada,2020-05-26,161,,53.7267,-127.6476,British Columbia,2122,11.0,1590451200.0,31.920950804411405,May
66,244.0,,"British Columbia, Canada",2550,Canada,2020-05-27,162,,53.7267,-127.6476,British Columbia,2144,9.0,1590537600.0,32.41059520839917,May
67,241.0,,"British Columbia, Canada",2558,Canada,2020-05-28,164,,53.7267,-127.6476,British Columbia,2153,8.0,1590624000.0,32.90023961238694,May
68,221.0,6.401249024199842,"British Columbia, Canada",2562,Canada,2020-05-29,164,50.127990730430575,53.7267,-127.6476,British Columbia,2177,4.0,1590710400.0,33.38988401637289,May
69,228.0,6.3738826272833276,"British Columbia, Canada",2573,Canada,2020-05-30,164,50.34321629562758,53.7267,-127.6476,British Columbia,2181,11.0,1590796800.0,33.87952842036066,May
70,228.0,6.3738826272833276,"British Columbia, Canada",2573,Canada,2020-05-31,164,50.34321629562758,53.7267,-127.6476,British Columbia,2181,0.0,1590883200.0,34.369172824348425,May
71,225.0,6.353484790142473,"British Columbia, Canada",2597,Canada,2020-06-01,165,50.81279934696649,53.7267,-127.6476,British Columbia,2207,24.0,1590969600.0,34.858817228334374,June
72,207.0,6.3437139561707045,"British Columbia, Canada",2601,Canada,2020-06-02,165,50.891063188856315,53.7267,-127.6476,British Columbia,2229,4.0,1591056000.0,35.34846163232214,June
73,214.0,6.328631338162412,"British Columbia, Canada",2623,Canada,2020-06-03,166,51.321514319250355,53.7267,-127.6476,British Columbia,2243,22.0,1591142400.0,35.83810603630991,June
74,201.0,6.306990881458964,"British Columbia, Canada",2632,Canada,2020-06-04,166,51.49760796350244,53.7267,-127.6476,British Columbia,2265,9.0,1591228800.0,36.32775044029586,June
75,193.0,6.344984802431611,"British Columbia, Canada",2632,Canada,2020-06-05,167,51.49760796350244,53.7267,-127.6476,British Columbia,2272,0.0,1591315200.0,36.817394844283626,June
76,193.0,6.344984802431611,"British Columbia, Canada",2632,Canada,2020-06-06,167,51.49760796350244,53.7267,-127.6476,British Columbia,2272,0.0,1591401600.0,37.307039248271394,June
77,193.0,6.344984802431611,"British Columbia, Canada",2632,Canada,2020-06-07,167,51.49760796350244,53.7267,-127.6476,British Columbia,2272,0.0,1591488000.0,37.79668365225734,June
78,183.0,6.2805566002256485,"British Columbia, Canada",2659,Canada,2020-06-08,167,52.02588889625874,53.7267,-127.6476,British Columbia,2309,27.0,1591574400.0,38.28632805624511,June
79,183.0,6.257025103034843,"British Columbia, Canada",2669,Canada,2020-06-09,167,52.22154850098329,53.7267,-127.6476,British Columbia,2319,10.0,1591660800.0,38.77597246023288,June
80,185.0,6.231343283582089,"British Columbia, Canada",2680,Canada,2020-06-10,167,52.4367740661803,53.7267,-127.6476,British Columbia,2328,11.0,1591747200.0,39.26561686421883,June
81,183.0,6.198960653303637,"British Columbia, Canada",2694,Canada,2020-06-11,167,52.710697512794674,53.7267,-127.6476,British Columbia,2344,14.0,1591833600.0,39.755261268206596,June
82,187.0,6.2015503875969005,"British Columbia, Canada",2709,Canada,2020-06-12,168,53.0041869198815,53.7267,-127.6476,British Columbia,2354,15.0,1591920000.0,40.24490567219436,June
83,187.0,6.2015503875969005,"British Columbia, Canada",2709,Canada,2020-06-13,168,53.0041869198815,53.7267,-127.6476,British Columbia,2354,0.0,1592006400.0,40.73455007618031,June
84,187.0,6.2015503875969005,"British Columbia, Canada",2709,Canada,2020-06-14,168,53.0041869198815,53.7267,-127.6476,British Columbia,2354,0.0,1592092800.0,41.22419448016808,June
85,182.0,6.120218579234973,"British Columbia, Canada",2745,Canada,2020-06-15,168,53.708561496889885,53.7267,-127.6476,British Columbia,2395,36.0,1592179200.0,41.71383888415585,June
86,172.0,6.095791001451379,"British Columbia, Canada",2756,Canada,2020-06-16,168,53.923787062086895,53.7267,-127.6476,British Columbia,2416,11.0,1592265600.0,42.2034832881418,June
87,185.0,6.054054054054054,"British Columbia, Canada",2775,Canada,2020-06-17,168,54.29554031106355,53.7267,-127.6476,British Columbia,2422,19.0,1592352000.0,42.693127692129565,June
88,190.0,6.036651095939632,"British Columbia, Canada",2783,Canada,2020-06-18,168,54.452067994843205,53.7267,-127.6476,British Columbia,2425,8.0,1592438400.0,43.182772096115514,June
89,178.0,6.021505376344086,"British Columbia, Canada",2790,Canada,2020-06-19,168,54.589029718150385,53.7267,-127.6476,British Columbia,2444,7.0,1592524800.0,43.67241650010328,June
90,178.0,6.021505376344086,"British Columbia, Canada",2790,Canada,2020-06-20,168,54.589029718150385,53.7267,-127.6476,British Columbia,2444,0.0,1592611200.0,44.16206090409105,June
91,178.0,6.021505376344086,"British Columbia, Canada",2790,Canada,2020-06-21,168,54.589029718150385,53.7267,-127.6476,British Columbia,2444,0.0,1592697600.0,44.651705308077,June
92,182.0,5.9886605244507445,"British Columbia, Canada",2822,Canada,2020-06-22,169,55.21514045326896,53.7267,-127.6476,British Columbia,2471,32.0,1592784000.0,45.141349712064766,June
93,174.0,5.99647266313933,"British Columbia, Canada",2835,Canada,2020-06-23,170,55.46949793941086,53.7267,-127.6476,British Columbia,2491,13.0,1592870400.0,45.630994116052534,June
94,162.0,6.002106002106003,"British Columbia, Canada",2849,Canada,2020-06-24,171,55.74342138602525,53.7267,-127.6476,British Columbia,2516,14.0,1592956800.0,46.12063852003848,June
95,179.0,6.029975601254794,"British Columbia, Canada",2869,Canada,2020-06-25,173,56.134740595474355,53.7267,-127.6476,British Columbia,2517,20.0,1593043200.0,46.61028292402625,June
96,159.0,6.045865184155664,"British Columbia, Canada",2878,Canada,2020-06-26,174,56.31083423972646,53.7267,-127.6476,British Columbia,2545,9.0,1593129600.0,47.09992732801402,June
97,159.0,6.045865184155664,"British Columbia, Canada",2878,Canada,2020-06-27,174,56.31083423972646,53.7267,-127.6476,British Columbia,2545,0.0,1593216000.0,47.58957173199997,June
98,159.0,6.045865184155664,"British Columbia, Canada",2878,Canada,2020-06-28,174,56.31083423972646,53.7267,-127.6476,British Columbia,2545,0.0,1593302400.0,48.079216135987735,June
99,153.0,5.991735537,"British Columbia, Canada",2904,Canada,2020-06-29,174,56.81954921201029,53.7267,-127.6476,British Columbia,2577,26.0,1593388800.0,48.5688605399755,June
100,152.0,5.967078189300412,"British Columbia, Canada",2916,Canada,2020-06-30,174,57.05434073767975,53.7267,-127.6476,British Columbia,2590,12.0,1593475200.0,49.05850494396145,June
101,152.0,5.967078189300412,"British Columbia, Canada",2916,Canada,2020-07-01,174,57.05434073767975,53.7267,-127.6476,British Columbia,2590,0.0,1593561600.0,49.54814934794922,July
102,160.0,6.020408163265308,"British Columbia, Canada",2940,Canada,2020-07-02,177,57.52392378901868,53.7267,-127.6476,British Columbia,2603,24.0,1593648000.0,50.03779375193699,July
103,162.0,6.006107906345438,"British Columbia, Canada",2947,Canada,2020-07-03,177,57.66088551232587,53.7267,-127.6476,British Columbia,2608,7.0,1593734400.0,50.52743815592294,July
104,162.0,6.006107906345438,"British Columbia, Canada",2947,Canada,2020-07-04,177,57.66088551232587,53.7267,-127.6476,British Columbia,2608,0.0,1593820800.0,51.017082559910705,July
105,162.0,6.006107906345438,"British Columbia, Canada",2947,Canada,2020-07-05,177,57.66088551232587,53.7267,-127.6476,British Columbia,2608,0.0,1593907200.0,51.50672696389847,July
106,166.0,6.145063801208866,"British Columbia, Canada",2978,Canada,2020-07-06,183,58.26743028697199,53.7267,-127.6476,British Columbia,2629,31.0,1593993600.0,51.99637136788442,July
107,162.0,6.120401337792642,"British Columbia, Canada",2990,Canada,2020-07-07,183,58.50222181264145,53.7267,-127.6476,British Columbia,2645,12.0,1594080000.0,52.48601577187219,July
108,162.0,6.183510638297872,"British Columbia, Canada",3008,Canada,2020-07-08,186,58.85440910114565,53.7267,-127.6476,British Columbia,2660,18.0,1594166400.0,52.97566017585814,July
109,175.0,6.142668428005284,"British Columbia, Canada",3028,Canada,2020-07-09,186,59.24572831059475,53.7267,-127.6476,British Columbia,2667,20.0,1594252800.0,53.465304579845906,July
110,187.0,6.125122830003276,"British Columbia, Canada",3053,Canada,2020-07-10,187,59.73487732240614,53.7267,-127.6476,British Columbia,2679,25.0,1594339200.0,53.954948983833674,July
111,187.0,6.125122830003276,"British Columbia, Canada",3053,Canada,2020-07-11,187,59.73487732240614,53.7267,-127.6476,British Columbia,2679,0.0,1594425600.0,54.44459338781962,July
112,187.0,6.125122830003276,"British Columbia, Canada",3053,Canada,2020-07-12,187,59.73487732240614,53.7267,-127.6476,British Columbia,2679,0.0,1594512000.0,54.93423779180739,July
113,185.0,6.1906321650835245,"British Columbia, Canada",3053,Canada,2020-07-13,189,59.73487732240614,53.7267,-127.6476,British Columbia,2679,0.0,1594598400.0,55.42388219579516,July
114,209.0,6.042199488491049,"British Columbia, Canada",3128,Canada,2020-07-14,189,61.20232435784028,53.7267,-127.6476,British Columbia,2730,75.0,1594684800.0,55.91352659978111,July
115,207.0,6.001905366783106,"British Columbia, Canada",3149,Canada,2020-07-15,189,61.61320952776185,53.7267,-127.6476,British Columbia,2753,21.0,1594771200.0,56.403171003768875,July
116,192.0,5.962145110410094,"British Columbia, Canada",3170,Canada,2020-07-16,189,62.02409469768341,53.7267,-127.6476,British Columbia,2789,21.0,1594857600.0,56.89281540775664,July
117,207.0,5.909943714821765,"British Columbia, Canada",3198,Canada,2020-07-17,189,62.57194159091216,53.7267,-127.6476,British Columbia,2802,28.0,1594944000.0,57.38245981174259,July
118,207.0,5.909943714821765,"British Columbia, Canada",3198,Canada,2020-07-18,189,62.57194159091216,53.7267,-127.6476,British Columbia,2802,0.0,1595030400.0,57.87210421573036,July
119,207.0,5.909943714821765,"British Columbia, Canada",3198,Canada,2020-07-19,189,62.57194159091216,53.7267,-127.6476,British Columbia,2802,0.0,1595116800.0,58.36174861971813,July
120,253.0,5.727272727272728,"British Columbia, Canada",3300,Canada,2020-07-20,189,64.5676695591026,53.7267,-127.6476,British Columbia,2858,102.0,1595203200.0,58.85139302370408,July
121,266.0,5.679086538461537,"British Columbia, Canada",3328,Canada,2020-07-21,189,65.11551645233135,53.7267,-127.6476,British Columbia,2873,28.0,1595289600.0,59.341037427691845,July
122,266.0,5.679086538461537,"British Columbia, Canada",3328,Canada,2020-07-22,189,65.11551645233135,53.7267,-127.6476,British Columbia,2873,0.0,1595376000.0,59.83068183167961,July
123,304.0,5.6014150943396235,"British Columbia, Canada",3392,Canada,2020-07-23,190,66.36773792256851,53.7267,-127.6476,British Columbia,2898,64.0,1595462400.0,60.32032623566556,July
124,304.0,5.6014150943396235,"British Columbia, Canada",3392,Canada,2020-07-24,190,66.36773792256851,53.7267,-127.6476,British Columbia,2898,0.0,1595548800.0,60.80997063965333,July
125,294.0,5.5864287803451305,"British Columbia, Canada",3419,Canada,2020-07-25,191,66.89601885532478,53.7267,-127.6476,British Columbia,2934,27.0,1595635200.0,61.2996150436411,July
126,294.0,5.5864287803451305,"British Columbia, Canada",3419,Canada,2020-07-26,191,66.89601885532478,53.7267,-127.6476,British Columbia,2934,0.0,1595721600.0,61.789259447627046,July
127,264.0,5.514285714285713,"British Columbia, Canada",3500,Canada,2020-07-27,193,68.48086165359365,53.7267,-127.6476,British Columbia,3043,81.0,1595808000.0,62.278903851614814,July
128,253.0,5.5066704513198985,"British Columbia, Canada",3523,Canada,2020-07-28,194,68.93087874446014,53.7267,-127.6476,British Columbia,3076,23.0,1595894400.0,62.76854825560076,July
129,259.0,5.446378439079169,"British Columbia, Canada",3562,Canada,2020-07-29,194,69.6939512028859,53.7267,-127.6476,British Columbia,3109,39.0,1595980800.0,63.25819265958853,July
130,242.0,5.4023948760790885,"British Columbia, Canada",3591,Canada,2020-07-30,194,70.2613640565871,53.7267,-127.6476,British Columbia,3155,29.0,1596067200.0,63.7478370635763,July
131,278.0,5.355671518813513,"British Columbia, Canada",3641,Canada,2020-07-31,195,71.23966208020987,53.7267,-127.6476,British Columbia,3168,50.0,1596153600.0,64.23748146756225,July
132,278.0,5.355671518813513,"British Columbia, Canada",3641,Canada,2020-08-01,195,71.23966208020987,53.7267,-127.6476,British Columbia,3168,0.0,1596240000.0,64.72712587155002,August
133,278.0,5.355671518813513,"British Columbia, Canada",3641,Canada,2020-08-02,195,71.23966208020987,53.7267,-127.6476,British Columbia,3168,0.0,1596326400.0,65.21677027553778,August
134,278.0,5.355671518813513,"British Columbia, Canada",3641,Canada,2020-08-03,195,71.23966208020987,53.7267,-127.6476,British Columbia,3168,0.0,1596412800.0,65.70641467952373,August
135,319.0,5.149194613150251,"British Columbia, Canada",3787,Canada,2020-08-04,195,74.09629230918836,53.7267,-127.6476,British Columbia,3273,146.0,1596499200.0,66.1960590835115,August
136,351.0,5.086071987480438,"British Columbia, Canada",3834,Canada,2020-08-05,195,75.01589245139375,53.7267,-127.6476,British Columbia,3288,47.0,1596585600.0,66.68570348749927,August
137,371.0,5.0244782272610164,"British Columbia, Canada",3881,Canada,2020-08-06,195,75.93549259359915,53.7267,-127.6476,British Columbia,3315,47.0,1596672000.0,67.17534789148522,August
138,386.0,4.956786985256736,"British Columbia, Canada",3934,Canada,2020-08-07,195,76.97248849863928,53.7267,-127.6476,British Columbia,3353,53.0,1596758400.0,67.66499229547298,August
139,386.0,4.956786985256736,"British Columbia, Canada",3934,Canada,2020-08-08,195,76.97248849863928,53.7267,-127.6476,British Columbia,3353,0.0,1596844800.0,68.15463669946075,August
140,386.0,4.956786985256736,"British Columbia, Canada",3934,Canada,2020-08-09,195,76.97248849863928,53.7267,-127.6476,British Columbia,3353,0.0,1596931200.0,68.6442811034467,August
141,445.0,4.7970479704797055,"British Columbia, Canada",4065,Canada,2020-08-10,195,79.53562932053094,53.7267,-127.6476,British Columbia,3425,131.0,1597017600.0,69.13392550743447,August
142,472.0,4.7433714424714175,"British Columbia, Canada",4111,Canada,2020-08-11,195,80.43566350226386,53.7267,-127.6476,British Columbia,3444,46.0,1597104000.0,69.62356991142224,August
143,472.0,4.7433714424714175,"British Columbia, Canada",4111,Canada,2020-08-12,195,80.43566350226386,53.7267,-127.6476,British Columbia,3444,0.0,1597190400.0,70.11321431540819,August
144,578.0,4.5858680393074405,"British Columbia, Canada",4274,Canada,2020-08-13,196,83.62491505927409,53.7267,-127.6476,British Columbia,3500,163.0,1597276800.0,70.60285871939595,August
145,629.0,4.497475906379076,"British Columbia, Canada",4358,Canada,2020-08-14,196,85.26845573896034,53.7267,-127.6476,British Columbia,3533,84.0,1597363200.0,71.09250312338372,August
146,629.0,4.497475906379076,"British Columbia, Canada",4358,Canada,2020-08-15,196,85.26845573896034,53.7267,-127.6476,British Columbia,3533,0.0,1597449600.0,71.58214752736967,August
147,629.0,4.497475906379076,"British Columbia, Canada",4358,Canada,2020-08-16,196,85.26845573896034,53.7267,-127.6476,British Columbia,3533,0.0,1597536000.0,72.07179193135744,August
148,629.0,4.497475906379076,"British Columbia, Canada",4358,Canada,2020-08-17,196,85.26845573896034,53.7267,-127.6476,British Columbia,3533,0.0,1597622400.0,72.5614363353452,August
149,775.0,4.233483002,"British Columbia, Canada",4677,Canada,2020-08-18,198,91.50999713,53.7267,-127.6476,British Columbia,3704,319.0,1597708800.0,73.05108073933116,August
150,798.0,4.172813487881982,"British Columbia, Canada",4745,Canada,2020-08-19,198,92.84048244180056,53.7267,-127.6476,British Columbia,3749,68.0,1597795200.0,73.54072514331892,August
151,798.0,4.172813487881982,"British Columbia, Canada",4745,Canada,2020-08-20,198,92.84048244180056,53.7267,-127.6476,British Columbia,3749,0.0,1597881600.0,74.03036954730487,August
152,824.0,4.109867751780264,"British Columbia, Canada",4915,Canada,2020-08-21,202,96.16669572211796,53.7267,-127.6476,British Columbia,3889,170.0,1597968000.0,74.52001395129264,August
153,824.0,4.109867751780264,"British Columbia, Canada",4915,Canada,2020-08-22,202,96.16669572211796,53.7267,-127.6476,British Columbia,3889,0.0,1598054400.0,75.00965835528041,August
154,824.0,4.109867751780264,"British Columbia, Canada",4915,Canada,2020-08-23,202,96.16669572211796,53.7267,-127.6476,British Columbia,3889,0.0,1598140800.0,75.49930275926636,August
155,913.0,3.915895061728395,"British Columbia, Canada",5184,Canada,2020-08-24,203,101.42993908920843,53.7267,-127.6476,British Columbia,4068,269.0,1598227200.0,75.98894716325412,August
156,925.0,3.8725677222434185,"British Columbia, Canada",5242,Canada,2020-08-25,203,102.56476479661085,53.7267,-127.6476,British Columbia,4114,58.0,1598313600.0,76.47859156724189,August
157,902.0,3.8273001508295614,"British Columbia, Canada",5304,Canada,2020-08-26,203,103.7778543459031,53.7267,-127.6476,British Columbia,4199,62.0,1598400000.0,76.96823597122784,August
158,915.0,3.79746835443038,"British Columbia, Canada",5372,Canada,2020-08-27,204,105.10833965803008,53.7267,-127.6476,British Columbia,4253,68.0,1598486400.0,77.45788037521561,August
159,982.0,3.711790393013101,"British Columbia, Canada",5496,Canada,2020-08-28,204,107.53451875661452,53.7267,-127.6476,British Columbia,4310,124.0,1598572800.0,77.94752477920338,August
160,982.0,3.711790393013101,"British Columbia, Canada",5496,Canada,2020-08-29,204,107.53451875661452,53.7267,-127.6476,British Columbia,4310,0.0,1598659200.0,78.43716918318933,August
161,982.0,3.711790393013101,"British Columbia, Canada",5496,Canada,2020-08-30,204,107.53451875661452,53.7267,-127.6476,British Columbia,4310,0.0,1598745600.0,78.9268135871771,August
162,1107.0,3.592400690846287,"British Columbia, Canada",5790,Canada,2020-08-31,208,113.28691113551642,53.7267,-127.6476,British Columbia,4475,294.0,1598832000.0,79.41645799116486,August
163,1133.0,3.573871409028728,"British Columbia, Canada",5848,Canada,2020-09-01,209,114.42173684291879,53.7267,-127.6476,British Columbia,4506,58.0,1598918400.0,79.90610239515081,September
164,1138.0,3.5114247311827955,"British Columbia, Canada",5952,Canada,2020-09-02,209,116.45659673205415,53.7267,-127.6476,British Columbia,4605,104.0,1599004800.0,80.39574679913858,September
165,1186.0,3.4762456546929315,"British Columbia, Canada",6041,Canada,2020-09-03,210,118.19796721410269,53.7267,-127.6476,British Columbia,4645,89.0,1599091200.0,80.88539120312635,September
166,1245.0,3.424212917883804,"British Columbia, Canada",6162,Canada,2020-09-04,211,120.56544843126976,53.7267,-127.6476,British Columbia,4706,121.0,1599177600.0,81.3750356071123,September
167,1245.0,3.424212917883804,"British Columbia, Canada",6162,Canada,2020-09-05,211,120.56544843126976,53.7267,-127.6476,British Columbia,4706,0.0,1599264000.0,81.86468001110006,September
168,1245.0,3.424212917883804,"British Columbia, Canada",6162,Canada,2020-09-06,211,120.56544843126976,53.7267,-127.6476,British Columbia,4706,0.0,1599350400.0,82.35432441508783,September
169,1245.0,3.424212917883804,"British Columbia, Canada",6162,Canada,2020-09-07,211,120.56544843126976,53.7267,-127.6476,British Columbia,4706,0.0,1599436800.0,82.84396881907378,September
170,1400.0,3.23167956304051,"British Columbia, Canada",6591,Canada,2020-09-08,213,128.9592454739531,53.7267,-127.6476,British Columbia,4978,429.0,1599523200.0,83.33361322306155,September
171,1400.0,3.23167956304051,"British Columbia, Canada",6591,Canada,2020-09-09,213,128.9592454739531,53.7267,-127.6476,British Columbia,4978,0.0,1599609600.0,83.8232576270475,September
172,1412.0,3.1185944363103952,"British Columbia, Canada",6830,Canada,2020-09-10,213,133.63551002686992,53.7267,-127.6476,British Columbia,5205,239.0,1599696000.0,84.31290203103526,September
173,1476.0,3.0594656707842574,"British Columbia, Canada",6962,Canada,2020-09-11,213,136.21821680923404,53.7267,-127.6476,British Columbia,5273,132.0,1599782400.0,84.80254643502303,September
174,1476.0,3.0594656707842574,"British Columbia, Canada",6962,Canada,2020-09-12,213,136.21821680923404,53.7267,-127.6476,British Columbia,5273,0.0,1599868800.0,85.29219083900898,September
175,1476.0,3.0594656710000003,"British Columbia, Canada",6962,Canada,2020-09-13,213,136.2182168,53.7267,-127.6476,British Columbia,5273,0.0,1599955200.0,85.78183524299675,September
176,1614.0,3.0086550350322847,"British Columbia, Canada",7279,Canada,2020-09-14,219,142.4206262790024,53.7267,-127.6476,British Columbia,5446,317.0,1600041600.0,86.27147964698452,September
177,1609.0,2.9690889370932765,"British Columbia, Canada",7376,Canada,2020-09-15,219,144.31852444483056,53.7267,-127.6476,British Columbia,5548,97.0,1600128000.0,86.76112405097047,September
178,1631.0,2.920778874,"British Columbia, Canada",7498,Canada,2020-09-16,219,146.7055716,53.7267,-127.6476,British Columbia,5648,122.0,1600214400.0,87.25076845495823,September
179,1705.0,2.870938275,"British Columbia, Canada",7663,Canada,2020-09-17,220,149.9339551,53.7267,-127.6476,British Columbia,5738,165.0,1600300800.0,87.740412858946,September
180,1822.0,2.8436623310000004,"British Columbia, Canada",7842,Canada,2020-09-18,223,153.436262,53.7267,-127.6476,British Columbia,5797,179.0,1600387200.0,88.23005726293195,September
181,1822.0,2.8436623310000004,"British Columbia, Canada",7842,Canada,2020-09-19,223,153.436262,53.7267,-127.6476,British Columbia,5797,0.0,1600473600.0,88.71970166691972,September
182,1822.0,2.8436623310000004,"British Columbia, Canada",7842,Canada,2020-09-20,223,153.436262,53.7267,-127.6476,British Columbia,5797,0.0,1600560000.0,89.20934607090749,September
183,1987.0,2.765594542,"British Columbia, Canada",8208,Canada,2020-09-21,227,160.59740359999995,53.7267,-127.6476,British Columbia,5994,366.0,1600646400.0,89.69899047489344,September
184,1488.0,2.733622351,"British Columbia, Canada",8304,Canada,2020-09-22,227,162.4757358,53.7267,-127.6476,British Columbia,6589,96.0,1600732800.0,90.1886348788812,September
185,1399.0,2.7039904710000005,"British Columbia, Canada",8395,Canada,2020-09-23,227,164.25623819999996,53.7267,-127.6476,British Columbia,6769,91.0,1600819200.0,90.67827928286897,September
186,1399.0,2.7039904710000005,"British Columbia, Canada",8395,Canada,2020-09-24,227,164.25623819999996,53.7267,-127.6476,British Columbia,6769,0.0,1600905600.0,91.16792368685492,September
187,1349.0,2.6617289669999997,"British Columbia, Canada",8641,Canada,2020-09-25,230,169.06946440000004,53.7267,-127.6476,British Columbia,7062,246.0,1600992000.0,91.65756809084269,September
188,1349.0,2.6617289669999997,"British Columbia, Canada",8641,Canada,2020-09-26,230,169.06946440000004,53.7267,-127.6476,British Columbia,7062,0.0,1601078400.0,92.14721249483046,September
189,1349.0,2.6617289669999997,"British Columbia, Canada",8641,Canada,2020-09-27,230,169.06946440000004,53.7267,-127.6476,British Columbia,7062,0.0,1601164800.0,92.6368568988164,September
190,1298.0,2.615626403233049,"British Columbia, Canada",8908,Canada,2020-09-28,233,174.29357588863212,53.7267,-127.6476,British Columbia,7377,267.0,1601251200.0,93.12650130280417,September
191,1268.0,2.596249861311439,"British Columbia, Canada",9013,Canada,2020-09-29,234,176.3480017382399,53.7267,-127.6476,British Columbia,7511,105.0,1601337600.0,93.61614570679194,September
192,1284.0,2.560735390676297,"British Columbia, Canada",9138,Canada,2020-09-30,234,178.79374679729682,53.7267,-127.6476,British Columbia,7620,125.0,1601424000.0,94.10579011077789,September
193,1261.0,2.5488069414316703,"British Columbia, Canada",9220,Canada,2020-10-01,235,180.39815555603818,53.7267,-127.6476,British Columbia,7724,82.0,1601510400.0,94.59543451476566,October
194,1302.0,2.537042959172796,"British Columbia, Canada",9381,Canada,2020-10-02,238,183.5482751921035,53.7267,-127.6476,British Columbia,7841,161.0,1601596800.0,95.0850789187516,October
195,1302.0,2.537042959172796,"British Columbia, Canada",9381,Canada,2020-10-03,238,183.5482751921035,53.7267,-127.6476,British Columbia,7841,0.0,1601683200.0,95.57472332273937,October
196,1302.0,2.537042959172796,"British Columbia, Canada",9381,Canada,2020-10-04,238,183.5482751921035,53.7267,-127.6476,British Columbia,7841,0.0,1601769600.0,96.06436772672714,October
197,1353.0,2.484854707875552,"British Columbia, Canada",9739,Canada,2020-10-05,242,190.55288904124248,53.7267,-127.6476,British Columbia,8144,358.0,1601856000.0,96.55401213071309,October
198,1384.0,2.479422822883853,"British Columbia, Canada",9841,Canada,2020-10-06,244,192.54861700943286,53.7267,-127.6476,British Columbia,8213,102.0,1601942400.0,97.04365653470086,October
199,1387.0,2.450783447167537,"British Columbia, Canada",9956,Canada,2020-10-07,244,194.7987024637653,53.7267,-127.6476,British Columbia,8325,115.0,1602028800.0,97.53330093868863,October
200,1394.0,2.4339360222531288,"British Columbia, Canada",10066,Canada,2020-10-08,245,196.9509581157354,53.7267,-127.6476,British Columbia,8427,110.0,1602115200.0,98.02294534267457,October
201,1406.0,2.405498281786941,"British Columbia, Canada",10185,Canada,2020-10-09,245,199.27930741195757,53.7267,-127.6476,British Columbia,8534,119.0,1602201600.0,98.51258974666234,October
202,1406.0,2.405498281786941,"British Columbia, Canada",10185,Canada,2020-10-10,245,199.27930741195757,53.7267,-127.6476,British Columbia,8534,0.0,1602288000.0,99.00223415065011,October
203,1406.0,2.405498281786941,"British Columbia, Canada",10185,Canada,2020-10-11,245,199.27930741195757,53.7267,-127.6476,British Columbia,8534,0.0,1602374400.0,99.49187855463606,October
204,1406.0,2.405498281786941,"British Columbia, Canada",10185,Canada,2020-10-12,245,199.27930741195757,53.7267,-127.6476,British Columbia,8534,0.0,1602460800.0,99.98152295862383,October
205,1476.0,2.32904788522452,"British Columbia, Canada",10734,Canada,2020-10-13,250,210.02101971133555,53.7267,-127.6476,British Columbia,9008,549.0,1602547200.0,100.4711673626116,October
206,1496.0,2.2952625780389275,"British Columbia, Canada",10892,Canada,2020-10-14,250,213.1124414659835,53.7267,-127.6476,British Columbia,9146,158.0,1602633600.0,100.96081176659754,October
207,1493.0,2.2657241254304874,"British Columbia, Canada",11034,Canada,2020-10-15,250,215.8908078530721,53.7267,-127.6476,British Columbia,9291,142.0,1602720000.0,101.45045617058531,October
208,1513.0,2.2432746447403704,"British Columbia, Canada",11189,Canada,2020-10-16,251,218.9235317263028,53.7267,-127.6476,British Columbia,9425,155.0,1602806400.0,101.94010057457308,October
209,1513.0,2.2432746447403704,"British Columbia, Canada",11189,Canada,2020-10-17,251,218.9235317263028,53.7267,-127.6476,British Columbia,9425,0.0,1602892800.0,102.42974497855903,October
