Active,Case-Fatality_Ratio,Combined_Key,Confirmed,Country/Region,Date,Deaths,Incidence_Rate,Latitude,Longitude,Province/State,Recovered,Difference,timestamp,Prediction
0.0,,"Ontario, Canada",425,Canada,2020-03-22,5,,51.2538,-85.3232,Ontario,0,0.0,1584835200.0,318.83633491311207
0.0,,"Ontario, Canada",503,Canada,2020-03-23,6,,51.2538,-85.3232,Ontario,0,78.0,1584921600.0,318.7674522367961
0.0,,"Ontario, Canada",588,Canada,2020-03-24,7,,51.2538,-85.3232,Ontario,0,85.0,1585008000.0,318.69856956048034
0.0,,"Ontario, Canada",688,Canada,2020-03-25,8,,51.2538,-85.3232,Ontario,0,100.0,1585094400.0,318.62968688416436
0.0,,"Ontario, Canada",858,Canada,2020-03-26,13,,51.2538,-85.3232,Ontario,0,170.0,1585180800.0,318.5608042078484
0.0,,"Ontario, Canada",994,Canada,2020-03-27,18,,51.2538,-85.3232,Ontario,0,136.0,1585267200.0,318.4919215315324
0.0,,"Ontario, Canada",1144,Canada,2020-03-28,18,,51.2538,-85.3232,Ontario,0,150.0,1585353600.0,318.4230388552164
0.0,,"Ontario, Canada",1355,Canada,2020-03-29,21,,51.2538,-85.3232,Ontario,0,211.0,1585440000.0,318.35415617890044
0.0,,"Ontario, Canada",1706,Canada,2020-03-30,31,,51.2538,-85.3232,Ontario,0,351.0,1585526400.0,318.28527350258446
0.0,,"Ontario, Canada",1966,Canada,2020-03-31,33,,51.2538,-85.3232,Ontario,0,260.0,1585612800.0,318.2163908262685
0.0,,"Ontario, Canada",2392,Canada,2020-04-01,37,,51.2538,-85.3232,Ontario,0,426.0,1585699200.0,318.1475081499527
0.0,,"Ontario, Canada",2793,Canada,2020-04-02,53,,51.2538,-85.3232,Ontario,0,401.0,1585785600.0,318.07862547363675
0.0,,"Ontario, Canada",3255,Canada,2020-04-03,67,,51.2538,-85.3232,Ontario,0,462.0,1585872000.0,318.00974279732077
0.0,,"Ontario, Canada",3630,Canada,2020-04-04,94,,51.2538,-85.3232,Ontario,0,375.0,1585958400.0,317.9408601210048
0.0,,"Ontario, Canada",4354,Canada,2020-04-05,119,,51.2538,-85.3232,Ontario,0,724.0,1586044800.0,317.8719774446888
0.0,,"Ontario, Canada",4347,Canada,2020-04-06,150,,51.2538,-85.3232,Ontario,0,-7.0,1586131200.0,317.80309476837283
0.0,,"Ontario, Canada",4726,Canada,2020-04-07,153,,51.2538,-85.3232,Ontario,0,379.0,1586217600.0,317.73421209205685
0.0,,"Ontario, Canada",5276,Canada,2020-04-08,153,,51.2538,-85.3232,Ontario,0,550.0,1586304000.0,317.66532941574087
0.0,,"Ontario, Canada",5759,Canada,2020-04-09,200,,51.2538,-85.3232,Ontario,0,483.0,1586390400.0,317.5964467394249
0.0,,"Ontario, Canada",6237,Canada,2020-04-10,222,,51.2538,-85.3232,Ontario,0,478.0,1586476800.0,317.52756406310914
0.0,,"Ontario, Canada",6648,Canada,2020-04-11,253,,51.2538,-85.3232,Ontario,0,411.0,1586563200.0,317.45868138679316
6775.0,,"Ontario, Canada",7049,Canada,2020-04-12,274,,51.2538,-85.3232,Ontario,0,401.0,1586649600.0,317.3897987104772
7179.0,,"Ontario, Canada",7470,Canada,2020-04-13,291,,51.2538,-85.3232,Ontario,0,421.0,1586736000.0,317.3209160341612
7619.0,,"Ontario, Canada",7953,Canada,2020-04-14,334,,51.2538,-85.3232,Ontario,0,483.0,1586822400.0,317.2520333578452
8062.0,,"Ontario, Canada",8447,Canada,2020-04-15,385,,51.2538,-85.3232,Ontario,0,494.0,1586908800.0,317.18315068152924
9350.0,,"Ontario, Canada",9840,Canada,2020-04-16,490,,51.2538,-85.3232,Ontario,0,1393.0,1586995200.0,317.11426800521326
9932.0,,"Ontario, Canada",10456,Canada,2020-04-17,524,,51.2538,-85.3232,Ontario,0,616.0,1587081600.0,317.0453853288973
10449.0,,"Ontario, Canada",11013,Canada,2020-04-18,564,,51.2538,-85.3232,Ontario,0,557.0,1587168000.0,316.97650265258153
10970.0,,"Ontario, Canada",11561,Canada,2020-04-19,591,,51.2538,-85.3232,Ontario,0,548.0,1587254400.0,316.90761997626555
11439.0,,"Ontario, Canada",12063,Canada,2020-04-20,624,,51.2538,-85.3232,Ontario,0,502.0,1587340800.0,316.83873729994957
12021.0,,"Ontario, Canada",12715,Canada,2020-04-21,694,,51.2538,-85.3232,Ontario,0,652.0,1587427200.0,316.7698546236336
12956.0,,"Ontario, Canada",13718,Canada,2020-04-22,762,,51.2538,-85.3232,Ontario,0,1003.0,1587513600.0,316.7009719473176
13262.0,,"Ontario, Canada",14068,Canada,2020-04-23,806,,51.2538,-85.3232,Ontario,0,350.0,1587600000.0,316.63208927100163
13688.0,,"Ontario, Canada",14550,Canada,2020-04-24,862,,51.2538,-85.3232,Ontario,0,482.0,1587686400.0,316.56320659468565
14096.0,,"Ontario, Canada",15012,Canada,2020-04-25,916,,51.2538,-85.3232,Ontario,0,462.0,1587772800.0,316.4943239183697
14608.0,,"Ontario, Canada",15568,Canada,2020-04-26,960,,51.2538,-85.3232,Ontario,0,556.0,1587859200.0,316.4254412420539
14947.0,,"Ontario, Canada",15970,Canada,2020-04-27,1023,,51.2538,-85.3232,Ontario,0,402.0,1587945600.0,316.35655856573794
15428.0,,"Ontario, Canada",16500,Canada,2020-04-28,1072,,51.2538,-85.3232,Ontario,0,530.0,1588032000.0,316.28767588942196
15825.0,,"Ontario, Canada",16978,Canada,2020-04-29,1153,,51.2538,-85.3232,Ontario,0,478.0,1588118400.0,316.218793213106
16190.0,,"Ontario, Canada",17395,Canada,2020-04-30,1205,,51.2538,-85.3232,Ontario,0,417.0,1588204800.0,316.14991053679
16615.0,,"Ontario, Canada",17880,Canada,2020-05-01,1265,,51.2538,-85.3232,Ontario,0,485.0,1588291200.0,316.081027860474
17029.0,,"Ontario, Canada",18321,Canada,2020-05-02,1292,,51.2538,-85.3232,Ontario,0,441.0,1588377600.0,316.01214518415804
17248.0,,"Ontario, Canada",18574,Canada,2020-05-03,1326,,51.2538,-85.3232,Ontario,0,253.0,1588464000.0,315.94326250784206
17651.0,,"Ontario, Canada",19097,Canada,2020-05-04,1446,,51.2538,-85.3232,Ontario,0,523.0,1588550400.0,315.8743798315263
17963.0,,"Ontario, Canada",19468,Canada,2020-05-05,1505,,51.2538,-85.3232,Ontario,0,371.0,1588636800.0,315.80549715521033
18350.0,,"Ontario, Canada",19910,Canada,2020-05-06,1560,,51.2538,-85.3232,Ontario,0,442.0,1588723200.0,315.73661447889435
18781.0,,"Ontario, Canada",20388,Canada,2020-05-07,1607,,51.2538,-85.3232,Ontario,0,478.0,1588809600.0,315.6677318025784
19161.0,,"Ontario, Canada",20826,Canada,2020-05-08,1665,,51.2538,-85.3232,Ontario,0,438.0,1588896000.0,315.5988491262624
19422.0,,"Ontario, Canada",21148,Canada,2020-05-09,1726,,51.2538,-85.3232,Ontario,0,322.0,1588982400.0,315.5299664499464
19718.0,,"Ontario, Canada",21469,Canada,2020-05-10,1751,,51.2538,-85.3232,Ontario,0,321.0,1589068800.0,315.46108377363043
20029.0,,"Ontario, Canada",21817,Canada,2020-05-11,1788,,51.2538,-85.3232,Ontario,0,348.0,1589155200.0,315.39220109731446
20306.0,,"Ontario, Canada",22158,Canada,2020-05-12,1852,,51.2538,-85.3232,Ontario,0,341.0,1589241600.0,315.3233184209987
20633.0,,"Ontario, Canada",22516,Canada,2020-05-13,1883,,51.2538,-85.3232,Ontario,0,358.0,1589328000.0,315.2544357446827
4746.0,,"Ontario, Canada",22865,Canada,2020-05-14,1915,,51.2538,-85.3232,Ontario,16204,349.0,1589414400.0,315.18555306836674
4678.0,,"Ontario, Canada",23258,Canada,2020-05-15,1939,,51.2538,-85.3232,Ontario,16641,393.0,1589500800.0,315.11667039205076
4649.0,,"Ontario, Canada",23645,Canada,2020-05-16,1976,,51.2538,-85.3232,Ontario,17020,387.0,1589587200.0,315.0477877157348
4615.0,,"Ontario, Canada",23974,Canada,2020-05-17,1999,,51.2538,-85.3232,Ontario,17360,329.0,1589673600.0,314.9789050394188
4629.0,,"Ontario, Canada",24286,Canada,2020-05-18,2019,,51.2538,-85.3232,Ontario,17638,312.0,1589760000.0,314.9100223631028
4825.0,,"Ontario, Canada",24755,Canada,2020-05-19,2032,,51.2538,-85.3232,Ontario,17898,469.0,1589846400.0,314.84113968678685
4928.0,,"Ontario, Canada",25197,Canada,2020-05-20,2079,,51.2538,-85.3232,Ontario,18190,442.0,1589932800.0,314.7722570104711
4980.0,,"Ontario, Canada",25595,Canada,2020-05-21,2106,,51.2538,-85.3232,Ontario,18509,398.0,1590019200.0,314.7033743341551
5189.0,,"Ontario, Canada",26085,Canada,2020-05-22,2129,,51.2538,-85.3232,Ontario,18767,490.0,1590105600.0,314.63449165783913
5257.0,,"Ontario, Canada",26560,Canada,2020-05-23,2157,,51.2538,-85.3232,Ontario,19146,475.0,1590192000.0,314.56560898152316
5239.0,,"Ontario, Canada",26897,Canada,2020-05-24,2181,,51.2538,-85.3232,Ontario,19477,337.0,1590278400.0,314.4967263052072
5394.0,,"Ontario, Canada",27302,Canada,2020-05-25,2210,,51.2538,-85.3232,Ontario,19698,405.0,1590364800.0,314.4278436288912
5431.0,,"Ontario, Canada",27624,Canada,2020-05-26,2235,,51.2538,-85.3232,Ontario,19958,322.0,1590451200.0,314.3589609525752
5236.0,,"Ontario, Canada",27943,Canada,2020-05-27,2264,,51.2538,-85.3232,Ontario,20443,319.0,1590537600.0,314.29007827625924
5247.0,,"Ontario, Canada",28320,Canada,2020-05-28,2292,,51.2538,-85.3232,Ontario,20781,377.0,1590624000.0,314.2211955999435
5039.0,8.059233449477354,"Ontario, Canada",28700,Canada,2020-05-29,2313,195.08114117981404,51.2538,-85.3232,Ontario,21348,380.0,1590710400.0,314.1523129236275
4937.0,8.035006718809221,"Ontario, Canada",29023,Canada,2020-05-30,2332,197.2766536746252,51.2538,-85.3232,Ontario,21754,323.0,1590796800.0,314.0834302473115
4915.0,7.975501871384826,"Ontario, Canada",29390,Canada,2020-05-31,2344,199.77124527089669,51.2538,-85.3232,Ontario,22131,367.0,1590883200.0,314.01454757099555
4987.0,7.884067683028983,"Ontario, Canada",29845,Canada,2020-06-01,2353,202.86399507008883,51.2538,-85.3232,Ontario,22505,455.0,1590969600.0,313.94566489467957
5032.0,7.848904458177732,"Ontario, Canada",30259,Canada,2020-06-02,2375,205.6780575247384,51.2538,-85.3232,Ontario,22852,414.0,1591056000.0,313.8767822183636
4942.0,7.816227167271182,"Ontario, Canada",30603,Canada,2020-06-03,2392,208.01631231797387,51.2538,-85.3232,Ontario,23269,344.0,1591142400.0,313.8078995420476
4857.0,7.871776643184902,"Ontario, Canada",30946,Canada,2020-06-04,2436,210.34776985890326,51.2538,-85.3232,Ontario,23653,343.0,1591228800.0,313.7390168657316
4824.0,7.799993622245608,"Ontario, Canada",31359,Canada,2020-06-05,2446,213.155035061247,51.2538,-85.3232,Ontario,24089,413.0,1591315200.0,313.6701341894159
4717.0,7.852624920936116,"Ontario, Canada",31620,Canada,2020-06-06,2483,214.92911791309132,51.2538,-85.3232,Ontario,24420,261.0,1591401600.0,313.6012515130999
4900.0,7.795363908275174,"Ontario, Canada",32096,Canada,2020-06-07,2502,218.1646100107077,51.2538,-85.3232,Ontario,24694,476.0,1591488000.0,313.5323688367839
4869.0,7.791325821886094,"Ontario, Canada",32395,Canada,2020-06-08,2524,220.1969884501769,51.2538,-85.3232,Ontario,25002,299.0,1591574400.0,313.46348616046794
4767.0,7.760572862476286,"Ontario, Canada",32678,Canada,2020-06-09,2536,222.1206108527513,51.2538,-85.3232,Ontario,25375,283.0,1591660800.0,313.39460348415196
4428.0,7.748360456643188,"Ontario, Canada",32936,Canada,2020-06-10,2552,223.87430194767788,51.2538,-85.3232,Ontario,25956,258.0,1591747200.0,313.325720807836
4252.0,7.7261628432761595,"Ontario, Canada",33173,Canada,2020-06-11,2563,225.48525074418012,51.2538,-85.3232,Ontario,26358,237.0,1591833600.0,313.25683813152
4107.0,7.708670381688537,"Ontario, Canada",33378,Canada,2020-06-12,2573,226.87868746689315,51.2538,-85.3232,Ontario,26698,205.0,1591920000.0,313.187955455204
4007.0,7.678810408921933,"Ontario, Canada",33625,Canada,2020-06-13,2582,228.55760878645455,51.2538,-85.3232,Ontario,27036,247.0,1592006400.0,313.11907277888804
3859.0,7.661361888422173,"Ontario, Canada",33806,Canada,2020-06-14,2590,229.78791145382561,51.2538,-85.3232,Ontario,27357,181.0,1592092800.0,313.0501901025723
3770.0,7.588418760666157,"Ontario, Canada",33986,Canada,2020-06-15,2579,231.01141686889062,51.2538,-85.3232,Ontario,27637,180.0,1592179200.0,312.9813074262563
3692.0,7.593492128518758,"Ontario, Canada",34174,Canada,2020-06-16,2595,232.28930030240286,51.2538,-85.3232,Ontario,27887,188.0,1592265600.0,312.9124247499403
2728.0,7.58245593624571,"Ontario, Canada",34382,Canada,2020-06-17,2607,233.7031287820337,51.2538,-85.3232,Ontario,29047,208.0,1592352000.0,312.84354207362435
2671.0,7.557702319662174,"Ontario, Canada",34574,Canada,2020-06-18,2613,235.00820122476966,51.2538,-85.3232,Ontario,29290,192.0,1592438400.0,312.77465939730837
2590.0,7.547441058079356,"Ontario, Canada",34780,Canada,2020-06-19,2625,236.40843519978856,51.2538,-85.3232,Ontario,29565,206.0,1592524800.0,312.7057767209924
2588.0,7.561922155005138,"Ontario, Canada",35044,Canada,2020-06-20,2650,238.20290980855066,51.2538,-85.3232,Ontario,29806,264.0,1592611200.0,312.6368940446764
2478.0,7.544651730698242,"Ontario, Canada",35217,Canada,2020-06-21,2657,239.37883445747426,51.2538,-85.3232,Ontario,30082,173.0,1592697600.0,312.56801136836043
2432.0,7.527246033090519,"Ontario, Canada",35418,Canada,2020-06-22,2666,240.74508217096354,51.2538,-85.3232,Ontario,30320,201.0,1592784000.0,312.4991286920447
2443.0,7.504837759766666,"Ontario, Canada",35657,Canada,2020-06-23,2676,242.36962547207767,51.2538,-85.3232,Ontario,30538,239.0,1592870400.0,312.4302460157287
2393.0,7.501185131479881,"Ontario, Canada",35861,Canada,2020-06-24,2690,243.7562649424847,51.2538,-85.3232,Ontario,30778,204.0,1592956800.0,312.3613633394127
2371.0,7.498751595183933,"Ontario, Canada",36046,Canada,2020-06-25,2703,245.0137566190793,51.2538,-85.3232,Ontario,30972,185.0,1593043200.0,312.29248066309674
2235.0,7.485270117009209,"Ontario, Canada",36151,Canada,2020-06-26,2706,245.7274681112006,51.2538,-85.3232,Ontario,31210,105.0,1593129600.0,312.22359798678076
2207.0,7.463796046473213,"Ontario, Canada",36322,Canada,2020-06-27,2711,246.8897982555124,51.2538,-85.3232,Ontario,31404,171.0,1593216000.0,312.1547153104648
2275.0,7.424105801021942,"Ontario, Canada",36597,Canada,2020-06-28,2717,248.75904263963955,51.2538,-85.3232,Ontario,31605,275.0,1593302400.0,312.0858326341488
2381.0,7.402981832,"Ontario, Canada",36823,Canada,2020-06-29,2726,250.29522166077675,51.2538,-85.3232,Ontario,31716,226.0,1593388800.0,312.0169499578328
2361.0,7.386163794269635,"Ontario, Canada",36961,Canada,2020-06-30,2730,251.23324247899328,51.2538,-85.3232,Ontario,31870,138.0,1593475200.0,311.94806728151707
2356.0,7.372252932452474,"Ontario, Canada",37085,Canada,2020-07-01,2734,252.076101764927,51.2538,-85.3232,Ontario,31995,124.0,1593561600.0,311.8791846052011
2250.0,7.349229364695772,"Ontario, Canada",37242,Canada,2020-07-02,2737,253.1432703769559,51.2538,-85.3232,Ontario,32255,157.0,1593648000.0,311.8103019288851
2219.0,7.3248322506482735,"Ontario, Canada",37407,Canada,2020-07-03,2740,254.26481700743219,51.2538,-85.3232,Ontario,32448,165.0,1593734400.0,311.74141925256913
2181.0,7.312458361092608,"Ontario, Canada",37525,Canada,2020-07-04,2744,255.0668927795304,51.2538,-85.3232,Ontario,32600,118.0,1593820800.0,311.67253657625315
2111.0,7.284944094760045,"Ontario, Canada",37653,Canada,2020-07-05,2743,255.9369410746877,51.2538,-85.3232,Ontario,32799,128.0,1593907200.0,311.60365389993717
2089.0,7.2510507811467395,"Ontario, Canada",37829,Canada,2020-07-06,2743,257.1332574805291,51.2538,-85.3232,Ontario,32997,176.0,1593993600.0,311.5347712236212
2035.0,7.236859456180606,"Ontario, Canada",37917,Canada,2020-07-07,2744,257.73141568344977,51.2538,-85.3232,Ontario,33138,88.0,1594080000.0,311.4658885473052
1968.0,7.216576065547937,"Ontario, Canada",38079,Canada,2020-07-08,2748,258.8325705570083,51.2538,-85.3232,Ontario,33363,162.0,1594166400.0,311.39700587098946
1952.0,7.198952879581152,"Ontario, Canada",38200,Canada,2020-07-09,2750,259.65503808602426,51.2538,-85.3232,Ontario,33498,121.0,1594252800.0,311.3281231946735
1843.0,7.201941392897216,"Ontario, Canada",38323,Canada,2020-07-10,2760,260.4911001196521,51.2538,-85.3232,Ontario,33720,123.0,1594339200.0,311.2592405183575
1698.0,7.187874368456693,"Ontario, Canada",38398,Canada,2020-07-11,2760,261.0008940425958,51.2538,-85.3232,Ontario,33940,75.0,1594425600.0,311.1903578420415
1696.0,7.182765520646553,"Ontario, Canada",38481,Canada,2020-07-12,2764,261.56506598398687,51.2538,-85.3232,Ontario,34021,83.0,1594512000.0,311.12147516572554
1721.0,7.144332558739995,"Ontario, Canada",38730,Canada,2020-07-13,2767,263.2575818081602,51.2538,-85.3232,Ontario,34242,249.0,1594598400.0,311.05259248940956
1717.0,7.1340238058432535,"Ontario, Canada",38814,Canada,2020-07-14,2769,263.8285510018572,51.2538,-85.3232,Ontario,34328,84.0,1594684800.0,310.9837098130936
1638.0,7.138085204789557,"Ontario, Canada",38918,Canada,2020-07-15,2778,264.53546524167257,51.2538,-85.3232,Ontario,34502,104.0,1594771200.0,310.9148271367776
1601.0,7.130599595317983,"Ontario, Canada",39043,Canada,2020-07-16,2784,265.3851217799122,51.2538,-85.3232,Ontario,34658,125.0,1594857600.0,310.84594446046185
1620.0,7.123889286079053,"Ontario, Canada",39164,Canada,2020-07-17,2790,266.2075893089281,51.2538,-85.3232,Ontario,34754,121.0,1594944000.0,310.77706178414587
1709.0,7.098891036728048,"Ontario, Canada",39316,Canada,2020-07-18,2791,267.2407716594275,51.2538,-85.3232,Ontario,34816,152.0,1595030400.0,310.7081791078299
1720.0,7.085256377745093,"Ontario, Canada",39434,Canada,2020-07-19,2794,268.0428474315257,51.2538,-85.3232,Ontario,34920,118.0,1595116800.0,310.6392964315139
1744.0,7.066467777412585,"Ontario, Canada",39553,Canada,2020-07-20,2795,268.8517204559297,51.2538,-85.3232,Ontario,35014,119.0,1595203200.0,310.57041375519793
1824.0,7.044664887456569,"Ontario, Canada",39718,Canada,2020-07-21,2798,269.973267086406,51.2538,-85.3232,Ontario,35096,165.0,1595289600.0,310.50153107888195
1766.0,7.028425070309361,"Ontario, Canada",39824,Canada,2020-07-22,2799,270.69377583083326,51.2538,-85.3232,Ontario,35259,106.0,1595376000.0,310.432648402566
1756.0,7.0087139423076925,"Ontario, Canada",39936,Canada,2020-07-23,2799,271.455068089096,51.2538,-85.3232,Ontario,35381,112.0,1595462400.0,310.36376572625
1774.0,6.9408294291167785,"Ontario, Canada",40341,Canada,2020-07-24,2800,274.20795527299225,51.2538,-85.3232,Ontario,35767,405.0,1595548800.0,310.29488304993424
1775.0,6.9258719133895275,"Ontario, Canada",40457,Canada,2020-07-25,2802,274.9964365404786,51.2538,-85.3232,Ontario,35880,116.0,1595635200.0,310.22600037361826
1779.0,6.918487104886829,"Ontario, Canada",40558,Canada,2020-07-26,2806,275.6829590233762,51.2538,-85.3232,Ontario,35973,101.0,1595721600.0,310.1571176973023
1818.0,6.901384210655718,"Ontario, Canada",40673,Canada,2020-07-27,2807,276.4646430385567,51.2538,-85.3232,Ontario,36048,115.0,1595808000.0,310.0882350209863
1856.0,6.894353593056612,"Ontario, Canada",40787,Canada,2020-07-28,2812,277.2395298014312,51.2538,-85.3232,Ontario,36119,114.0,1595894400.0,310.0193523446703
1792.0,6.8822939348714325,"Ontario, Canada",40873,Canada,2020-07-29,2813,277.8240934997401,51.2538,-85.3232,Ontario,36268,86.0,1595980800.0,309.95046966835434
1749.0,6.876175127585281,"Ontario, Canada",40953,Canada,2020-07-30,2816,278.3678736842134,51.2538,-85.3232,Ontario,36388,80.0,1596067200.0,309.88158699203836
1606.0,6.845888581281267,"Ontario, Canada",41178,Canada,2020-07-31,2819,279.8972554530447,51.2538,-85.3232,Ontario,36753,225.0,1596153600.0,309.8127043157224
1563.0,6.8376275541120295,"Ontario, Canada",41257,Canada,2020-08-01,2821,280.4342383852121,51.2538,-85.3232,Ontario,36873,79.0,1596240000.0,309.74382163940663
1525.0,6.82747441511625,"Ontario, Canada",41333,Canada,2020-08-02,2822,280.9508295604618,51.2538,-85.3232,Ontario,36986,76.0,1596326400.0,309.67493896309065
1520.0,6.825155226981711,"Ontario, Canada",41391,Canada,2020-08-03,2825,281.345070194205,51.2538,-85.3232,Ontario,37046,58.0,1596412800.0,309.6060562867747
1458.0,6.815278949270996,"Ontario, Canada",41495,Canada,2020-08-04,2828,282.0519844340203,51.2538,-85.3232,Ontario,37209,104.0,1596499200.0,309.5371736104587
1395.0,6.807025986525503,"Ontario, Canada",41560,Canada,2020-08-05,2829,282.4938058339049,51.2538,-85.3232,Ontario,37336,65.0,1596585600.0,309.4682909341427
1328.0,6.794764020655697,"Ontario, Canada",41635,Canada,2020-08-06,2829,283.0035997568487,51.2538,-85.3232,Ontario,37478,75.0,1596672000.0,309.39940825782674
1269.0,6.7655147674279545,"Ontario, Canada",41815,Canada,2020-08-07,2829,284.2271051719137,51.2538,-85.3232,Ontario,37717,180.0,1596758400.0,309.33052558151076
1243.0,6.757530911347687,"Ontario, Canada",41894,Canada,2020-08-08,2831,284.76408810408117,51.2538,-85.3232,Ontario,37820,79.0,1596844800.0,309.2616429051948
1159.0,6.748963347790857,"Ontario, Canada",41962,Canada,2020-08-09,2832,285.22630126088364,51.2538,-85.3232,Ontario,37971,68.0,1596931200.0,309.192760228879
1174.0,6.729718169288533,"Ontario, Canada",42082,Canada,2020-08-10,2832,286.04197153759355,51.2538,-85.3232,Ontario,38076,120.0,1597017600.0,309.12387755256304
1155.0,6.716948911341968,"Ontario, Canada",42162,Canada,2020-08-11,2832,286.5857517220669,51.2538,-85.3232,Ontario,38175,80.0,1597104000.0,309.05499487624706
1104.0,6.708024530580353,"Ontario, Canada",42233,Canada,2020-08-12,2833,287.068356635787,51.2538,-85.3232,Ontario,38296,71.0,1597190400.0,308.9861121999311
1083.0,6.697705196984378,"Ontario, Canada",42313,Canada,2020-08-13,2834,287.6121368202604,51.2538,-85.3232,Ontario,38396,80.0,1597276800.0,308.9172295236151
1091.0,6.684428935207018,"Ontario, Canada",42412,Canada,2020-08-14,2835,288.28506479854616,51.2538,-85.3232,Ontario,38486,99.0,1597363200.0,308.8483468472991
1077.0,6.672784169784241,"Ontario, Canada",42501,Canada,2020-08-15,2836,288.8900202537727,51.2538,-85.3232,Ontario,38588,89.0,1597449600.0,308.77946417098315
1057.0,6.663064163710265,"Ontario, Canada",42563,Canada,2020-08-16,2836,289.3114498967396,51.2538,-85.3232,Ontario,38670,62.0,1597536000.0,308.71058149466717
1061.0,6.643864498898936,"Ontario, Canada",42686,Canada,2020-08-17,2836,290.14751193036733,51.2538,-85.3232,Ontario,38789,123.0,1597622400.0,308.6416988183512
1102.0,6.628504672999999,"Ontario, Canada",42800,Canada,2020-08-18,2837,290.9223987,51.2538,-85.3232,Ontario,38861,114.0,1597708800.0,308.57281614203544
1101.0,6.614595476801119,"Ontario, Canada",42890,Canada,2020-08-19,2837,291.53415140077436,51.2538,-85.3232,Ontario,38952,90.0,1597795200.0,308.50393346571946
1110.0,6.602610334318218,"Ontario, Canada",42983,Canada,2020-08-20,2838,292.1662958652246,51.2538,-85.3232,Ontario,39035,93.0,1597881600.0,308.4350507894035
1155.0,6.587673329314103,"Ontario, Canada",43126,Canada,2020-08-21,2841,293.13830294497075,51.2538,-85.3232,Ontario,39130,143.0,1597968000.0,308.3661681130875
1146.0,6.575963718820861,"Ontario, Canada",43218,Canada,2020-08-22,2842,293.7636501571152,51.2538,-85.3232,Ontario,39230,92.0,1598054400.0,308.2972854367715
1162.0,6.560025852318629,"Ontario, Canada",43323,Canada,2020-08-23,2842,294.4773616492364,51.2538,-85.3232,Ontario,39319,105.0,1598140800.0,308.22840276045554
1183.0,6.542550743314768,"Ontario, Canada",43454,Canada,2020-08-24,2843,295.36780170131146,51.2538,-85.3232,Ontario,39428,131.0,1598227200.0,308.15952008413956
1189.0,6.534071335063503,"Ontario, Canada",43541,Canada,2020-08-25,2845,295.95916265192625,51.2538,-85.3232,Ontario,39507,87.0,1598313600.0,308.0906374078236
1182.0,6.523432131568098,"Ontario, Canada",43658,Canada,2020-08-26,2848,296.7544411717185,51.2538,-85.3232,Ontario,39628,117.0,1598400000.0,308.0217547315078
1228.0,6.502134654459944,"Ontario, Canada",43801,Canada,2020-08-27,2848,297.7264482514646,51.2538,-85.3232,Ontario,39725,143.0,1598486400.0,307.95287205519185
1246.0,6.500603383501447,"Ontario, Canada",43919,Canada,2020-08-28,2855,298.5285240235628,51.2538,-85.3232,Ontario,39818,118.0,1598572800.0,307.88398937887587
1270.0,6.484277443523669,"Ontario, Canada",44045,Canada,2020-08-29,2856,299.3849778141083,51.2538,-85.3232,Ontario,39919,126.0,1598659200.0,307.8151067025599
1287.0,6.469881974491992,"Ontario, Canada",44143,Canada,2020-08-30,2856,300.0511085400882,51.2538,-85.3232,Ontario,40000,98.0,1598745600.0,307.7462240262439
1352.0,6.452268569750898,"Ontario, Canada",44279,Canada,2020-08-31,2857,300.9755348536929,51.2538,-85.3232,Ontario,40070,136.0,1598832000.0,307.67734134992793
1368.0,6.4343284254131206,"Ontario, Canada",44418,Canada,2020-09-01,2858,301.9203529242153,51.2538,-85.3232,Ontario,40192,139.0,1598918400.0,307.60845867361195
1393.0,6.412097280804093,"Ontario, Canada",44572,Canada,2020-09-02,2858,302.9671297793265,51.2538,-85.3232,Ontario,40321,154.0,1599004800.0,307.53957599729597
1405.0,6.393112701252236,"Ontario, Canada",44720,Canada,2020-09-03,2859,303.97312312060217,51.2538,-85.3232,Ontario,40456,148.0,1599091200.0,307.4706933209802
1424.0,6.37429769018104,"Ontario, Canada",44852,Canada,2020-09-04,2859,304.87036042498323,51.2538,-85.3232,Ontario,40569,132.0,1599177600.0,307.40181064466424
1482.0,6.350651946955731,"Ontario, Canada",45019,Canada,2020-09-05,2859,306.00550156007137,51.2538,-85.3232,Ontario,40678,167.0,1599264000.0,307.33292796834826
1503.0,6.335813623881655,"Ontario, Canada",45156,Canada,2020-09-06,2861,306.93672512598204,51.2538,-85.3232,Ontario,40792,137.0,1599350400.0,307.2640452920323
1568.0,6.3159288520104155,"Ontario, Canada",45314,Canada,2020-09-07,2862,308.0106909903168,51.2538,-85.3232,Ontario,40884,158.0,1599436800.0,307.1951626157163
1633.0,6.2838950488527825,"Ontario, Canada",45545,Canada,2020-09-08,2862,309.5808562729836,51.2538,-85.3232,Ontario,41050,231.0,1599523200.0,307.1262799394003
1686.0,6.259294899833785,"Ontario, Canada",45724,Canada,2020-09-09,2862,310.79756443574274,51.2538,-85.3232,Ontario,41176,179.0,1599609600.0,307.05739726308434
1707.0,6.239239871859133,"Ontario, Canada",45887,Canada,2020-09-10,2863,311.90551656160716,51.2538,-85.3232,Ontario,41317,163.0,1599696000.0,306.98851458676836
1795.0,6.207988204171906,"Ontario, Canada",46118,Canada,2020-09-11,2863,313.475681844274,51.2538,-85.3232,Ontario,41460,231.0,1599782400.0,306.9196319104526
1875.0,6.180515078902488,"Ontario, Canada",46323,Canada,2020-09-12,2863,314.8691185669869,51.2538,-85.3232,Ontario,41585,205.0,1599868800.0,306.85074923413663
1947.0,6.158976013999999,"Ontario, Canada",46485,Canada,2020-09-13,2863,315.9702734,51.2538,-85.3232,Ontario,41675,162.0,1599955200.0,306.78186655782065
2171.0,6.108090821874001,"Ontario, Canada",46905,Canada,2020-09-14,2865,318.8251194090305,51.2538,-85.3232,Ontario,41869,420.0,1600041600.0,306.71298388150467
2268.0,6.085020672108555,"Ontario, Canada",47165,Canada,2020-09-15,2870,320.59240500856896,51.2538,-85.3232,Ontario,42027,260.0,1600128000.0,306.6441012051887
2410.0,6.047843666,"Ontario, Canada",47488,Canada,2020-09-16,2872,322.7879175,51.2538,-85.3232,Ontario,42206,323.0,1600214400.0,306.5752185288727
2536.0,6.024576412999999,"Ontario, Canada",47688,Canada,2020-09-17,2873,324.14736800000014,51.2538,-85.3232,Ontario,42279,200.0,1600300800.0,306.50633585255673
2814.0,5.962379975,"Ontario, Canada",48219,Canada,2020-09-18,2875,327.7567089,51.2538,-85.3232,Ontario,42530,531.0,1600387200.0,306.43745317624075
2868.0,5.952356314,"Ontario, Canada",48317,Canada,2020-09-19,2876,328.4228397,51.2538,-85.3232,Ontario,42573,98.0,1600473600.0,306.368570499925
3206.0,5.875383043999999,"Ontario, Canada",48950,Canada,2020-09-20,2876,332.7255004,51.2538,-85.3232,Ontario,42868,633.0,1600560000.0,306.299687823609
3470.0,5.822984507,"Ontario, Canada",49442,Canada,2020-09-21,2879,336.0697485,51.2538,-85.3232,Ontario,43093,492.0,1600646400.0,306.23080514729304
3735.0,5.772465161,"Ontario, Canada",49944,Canada,2020-09-22,2883,339.4819692,51.2538,-85.3232,Ontario,43326,502.0,1600732800.0,306.16192247097706
3727.0,5.738666879,"Ontario, Canada",50273,Canada,2020-09-23,2885,341.71826519999996,51.2538,-85.3232,Ontario,43661,329.0,1600819200.0,306.0930397946611
3850.0,5.6974149339999975,"Ontario, Canada",50637,Canada,2020-09-24,2885,344.19246499999997,51.2538,-85.3232,Ontario,43902,364.0,1600905600.0,306.0241571183451
4002.0,5.640464371,"Ontario, Canada",51166,Canada,2020-09-25,2886,347.78821150000016,51.2538,-85.3232,Ontario,44278,529.0,1600992000.0,305.9552744420291
4147.0,5.612473026,"Ontario, Canada",51439,Canada,2020-09-26,2887,349.64386139999993,51.2538,-85.3232,Ontario,44405,273.0,1601078400.0,305.88639176571314
4371.0,5.539571105,"Ontario, Canada",52134,Canada,2020-09-27,2888,354.3679517,51.2538,-85.3232,Ontario,44875,695.0,1601164800.0,305.8175090893974
4521.0,5.508207973459934,"Ontario, Canada",52449,Canada,2020-09-28,2889,356.5090861930337,51.2538,-85.3232,Ontario,45039,315.0,1601251200.0,305.7486264130814
4771.0,5.4447896074555215,"Ontario, Canada",53115,Canada,2020-09-29,2892,361.0360562287743,51.2538,-85.3232,Ontario,45452,666.0,1601337600.0,305.67974373676543
5075.0,5.3571098244510615,"Ontario, Canada",54059,Canada,2020-09-30,2896,367.4526624055599,51.2538,-85.3232,Ontario,46088,944.0,1601424000.0,305.61086106044945
5153.0,5.30534560693959,"Ontario, Canada",54643,Canada,2020-10-01,2899,371.4222577522153,51.2538,-85.3232,Ontario,46591,584.0,1601510400.0,305.5419783841335
5367.0,5.386907449209932,"Ontario, Canada",55375,Canada,2020-10-02,2983,376.3978464401464,51.2538,-85.3232,Ontario,47025,732.0,1601596800.0,305.4730957078175
5428.0,5.390655956197543,"Ontario, Canada",55522,Canada,2020-10-03,2993,377.3970425291162,51.2538,-85.3232,Ontario,47101,147.0,1601683200.0,305.4042130315015
5468.0,5.351584606677985,"Ontario, Canada",56544,Canada,2020-10-04,3026,384.34383438576316,51.2538,-85.3232,Ontario,48050,1022.0,1601769600.0,305.33533035518553
5553.0,5.302421468255355,"Ontario, Canada",57238,Canada,2020-10-05,3035,389.0611274860697,51.2538,-85.3232,Ontario,48650,694.0,1601856000.0,305.2664476788698
5445.0,5.256510078726533,"Ontario, Canada",57795,Canada,2020-10-06,3038,392.84719702046516,51.2538,-85.3232,Ontario,49312,557.0,1601942400.0,305.1975650025538
5431.0,5.221470052575513,"Ontario, Canada",58202,Canada,2020-10-07,3039,395.6136787089734,51.2538,-85.3232,Ontario,49732,407.0,1602028800.0,305.1286823262378
5407.0,5.165243664386468,"Ontario, Canada",58913,Canada,2020-10-08,3043,400.4465250984802,51.2538,-85.3232,Ontario,50463,711.0,1602115200.0,305.05979964992184
5619.0,5.064048248018741,"Ontario, Canada",60189,Canada,2020-10-09,3048,409.11981904083024,51.2538,-85.3232,Ontario,51522,1276.0,1602201600.0,304.99091697360586
5823.0,5.001800975801435,"Ontario, Canada",61078,Canada,2020-10-10,3055,415.1625763407904,51.2538,-85.3232,Ontario,52200,889.0,1602288000.0,304.9220342972899
5535.0,4.9547650702033135,"Ontario, Canada",61678,Canada,2020-10-11,3056,419.2409277243405,51.2538,-85.3232,Ontario,53087,600.0,1602374400.0,304.8531516209739
5535.0,4.9547650702033135,"Ontario, Canada",61678,Canada,2020-10-12,3056,419.2409277243405,51.2538,-85.3232,Ontario,53087,0.0,1602460800.0,304.7842689446579
5799.0,4.848341232227488,"Ontario, Canada",63300,Canada,2020-10-13,3069,430.2660709645377,51.2538,-85.3232,Ontario,54432,1622.0,1602547200.0,304.7153862683422
5830.0,4.7915496473818875,"Ontario, Canada",64092,Canada,2020-10-14,3071,435.64949479082367,51.2538,-85.3232,Ontario,55191,792.0,1602633600.0,304.6465035920262
5827.0,4.748094900194366,"Ontario, Canada",64826,Canada,2020-10-15,3078,440.6386779833668,51.2538,-85.3232,Ontario,55921,734.0,1602720000.0,304.5776209157102
6006.0,4.69952837364978,"Ontario, Canada",65730,Canada,2020-10-16,3089,446.7833940679155,51.2538,-85.3232,Ontario,56635,904.0,1602806400.0,304.50873823939423
6013.0,4.691129362826215,"Ontario, Canada",65869,Canada,2020-10-17,3090,447.72821213843804,51.2538,-85.3232,Ontario,56766,139.0,1602892800.0,304.43985556307825
