,Active,Case-Fatality_Ratio,Combined_Key,Confirmed,Country/Region,Date,Deaths,Incidence_Rate,Latitude,Longitude,Province/State,Recovered,Difference
0,0.0,,"Ontario, Canada",425,Canada,03-22-2020,5,,51.2538,-85.3232,Ontario,0,
1,0.0,,"Ontario, Canada",503,Canada,03-23-2020,6,,51.2538,-85.3232,Ontario,0,78.0
2,0.0,,"Ontario, Canada",588,Canada,03-24-2020,7,,51.2538,-85.3232,Ontario,0,85.0
3,0.0,,"Ontario, Canada",688,Canada,03-25-2020,8,,51.2538,-85.3232,Ontario,0,100.0
4,0.0,,"Ontario, Canada",858,Canada,03-26-2020,13,,51.2538,-85.3232,Ontario,0,170.0
5,0.0,,"Ontario, Canada",994,Canada,03-27-2020,18,,51.2538,-85.3232,Ontario,0,136.0
6,0.0,,"Ontario, Canada",1144,Canada,03-28-2020,18,,51.2538,-85.3232,Ontario,0,150.0
7,0.0,,"Ontario, Canada",1355,Canada,03-29-2020,21,,51.2538,-85.3232,Ontario,0,211.0
8,0.0,,"Ontario, Canada",1706,Canada,03-30-2020,31,,51.2538,-85.3232,Ontario,0,351.0
9,0.0,,"Ontario, Canada",1966,Canada,03-31-2020,33,,51.2538,-85.3232,Ontario,0,260.0
10,0.0,,"Ontario, Canada",2392,Canada,04-01-2020,37,,51.2538,-85.3232,Ontario,0,426.0
11,0.0,,"Ontario, Canada",2793,Canada,04-02-2020,53,,51.2538,-85.3232,Ontario,0,401.0
12,0.0,,"Ontario, Canada",3255,Canada,04-03-2020,67,,51.2538,-85.3232,Ontario,0,462.0
13,0.0,,"Ontario, Canada",3630,Canada,04-04-2020,94,,51.2538,-85.3232,Ontario,0,375.0
14,0.0,,"Ontario, Canada",4354,Canada,04-05-2020,119,,51.2538,-85.3232,Ontario,0,724.0
15,0.0,,"Ontario, Canada",4347,Canada,04-06-2020,150,,51.2538,-85.3232,Ontario,0,-7.0
16,0.0,,"Ontario, Canada",4726,Canada,04-07-2020,153,,51.2538,-85.3232,Ontario,0,379.0
17,0.0,,"Ontario, Canada",5276,Canada,04-08-2020,153,,51.2538,-85.3232,Ontario,0,550.0
18,0.0,,"Ontario, Canada",5759,Canada,04-09-2020,200,,51.2538,-85.3232,Ontario,0,483.0
19,0.0,,"Ontario, Canada",6237,Canada,04-10-2020,222,,51.2538,-85.3232,Ontario,0,478.0
20,0.0,,"Ontario, Canada",6648,Canada,04-11-2020,253,,51.2538,-85.3232,Ontario,0,411.0
21,6775.0,,"Ontario, Canada",7049,Canada,04-12-2020,274,,51.2538,-85.3232,Ontario,0,401.0
22,7179.0,,"Ontario, Canada",7470,Canada,04-13-2020,291,,51.2538,-85.3232,Ontario,0,421.0
23,7619.0,,"Ontario, Canada",7953,Canada,04-14-2020,334,,51.2538,-85.3232,Ontario,0,483.0
24,8062.0,,"Ontario, Canada",8447,Canada,04-15-2020,385,,51.2538,-85.3232,Ontario,0,494.0
25,9350.0,,"Ontario, Canada",9840,Canada,04-16-2020,490,,51.2538,-85.3232,Ontario,0,1393.0
26,9932.0,,"Ontario, Canada",10456,Canada,04-17-2020,524,,51.2538,-85.3232,Ontario,0,616.0
27,10449.0,,"Ontario, Canada",11013,Canada,04-18-2020,564,,51.2538,-85.3232,Ontario,0,557.0
28,10970.0,,"Ontario, Canada",11561,Canada,04-19-2020,591,,51.2538,-85.3232,Ontario,0,548.0
29,11439.0,,"Ontario, Canada",12063,Canada,04-20-2020,624,,51.2538,-85.3232,Ontario,0,502.0
30,12021.0,,"Ontario, Canada",12715,Canada,04-21-2020,694,,51.2538,-85.3232,Ontario,0,652.0
31,12956.0,,"Ontario, Canada",13718,Canada,04-22-2020,762,,51.2538,-85.3232,Ontario,0,1003.0
32,13262.0,,"Ontario, Canada",14068,Canada,04-23-2020,806,,51.2538,-85.3232,Ontario,0,350.0
33,13688.0,,"Ontario, Canada",14550,Canada,04-24-2020,862,,51.2538,-85.3232,Ontario,0,482.0
34,14096.0,,"Ontario, Canada",15012,Canada,04-25-2020,916,,51.2538,-85.3232,Ontario,0,462.0
35,14608.0,,"Ontario, Canada",15568,Canada,04-26-2020,960,,51.2538,-85.3232,Ontario,0,556.0
36,14947.0,,"Ontario, Canada",15970,Canada,04-27-2020,1023,,51.2538,-85.3232,Ontario,0,402.0
37,15428.0,,"Ontario, Canada",16500,Canada,04-28-2020,1072,,51.2538,-85.3232,Ontario,0,530.0
38,15825.0,,"Ontario, Canada",16978,Canada,04-29-2020,1153,,51.2538,-85.3232,Ontario,0,478.0
39,16190.0,,"Ontario, Canada",17395,Canada,04-30-2020,1205,,51.2538,-85.3232,Ontario,0,417.0
40,16615.0,,"Ontario, Canada",17880,Canada,05-01-2020,1265,,51.2538,-85.3232,Ontario,0,485.0
41,17029.0,,"Ontario, Canada",18321,Canada,05-02-2020,1292,,51.2538,-85.3232,Ontario,0,441.0
42,17248.0,,"Ontario, Canada",18574,Canada,05-03-2020,1326,,51.2538,-85.3232,Ontario,0,253.0
43,17651.0,,"Ontario, Canada",19097,Canada,05-04-2020,1446,,51.2538,-85.3232,Ontario,0,523.0
44,17963.0,,"Ontario, Canada",19468,Canada,05-05-2020,1505,,51.2538,-85.3232,Ontario,0,371.0
45,18350.0,,"Ontario, Canada",19910,Canada,05-06-2020,1560,,51.2538,-85.3232,Ontario,0,442.0
46,18781.0,,"Ontario, Canada",20388,Canada,05-07-2020,1607,,51.2538,-85.3232,Ontario,0,478.0
47,19161.0,,"Ontario, Canada",20826,Canada,05-08-2020,1665,,51.2538,-85.3232,Ontario,0,438.0
48,19422.0,,"Ontario, Canada",21148,Canada,05-09-2020,1726,,51.2538,-85.3232,Ontario,0,322.0
49,19718.0,,"Ontario, Canada",21469,Canada,05-10-2020,1751,,51.2538,-85.3232,Ontario,0,321.0
50,20029.0,,"Ontario, Canada",21817,Canada,05-11-2020,1788,,51.2538,-85.3232,Ontario,0,348.0
51,20306.0,,"Ontario, Canada",22158,Canada,05-12-2020,1852,,51.2538,-85.3232,Ontario,0,341.0
52,20633.0,,"Ontario, Canada",22516,Canada,05-13-2020,1883,,51.2538,-85.3232,Ontario,0,358.0
53,4746.0,,"Ontario, Canada",22865,Canada,05-14-2020,1915,,51.2538,-85.3232,Ontario,16204,349.0
54,4678.0,,"Ontario, Canada",23258,Canada,05-15-2020,1939,,51.2538,-85.3232,Ontario,16641,393.0
55,4649.0,,"Ontario, Canada",23645,Canada,05-16-2020,1976,,51.2538,-85.3232,Ontario,17020,387.0
56,4615.0,,"Ontario, Canada",23974,Canada,05-17-2020,1999,,51.2538,-85.3232,Ontario,17360,329.0
57,4629.0,,"Ontario, Canada",24286,Canada,05-18-2020,2019,,51.2538,-85.3232,Ontario,17638,312.0
58,4825.0,,"Ontario, Canada",24755,Canada,05-19-2020,2032,,51.2538,-85.3232,Ontario,17898,469.0
59,4928.0,,"Ontario, Canada",25197,Canada,05-20-2020,2079,,51.2538,-85.3232,Ontario,18190,442.0
60,4980.0,,"Ontario, Canada",25595,Canada,05-21-2020,2106,,51.2538,-85.3232,Ontario,18509,398.0
61,5189.0,,"Ontario, Canada",26085,Canada,05-22-2020,2129,,51.2538,-85.3232,Ontario,18767,490.0
62,5257.0,,"Ontario, Canada",26560,Canada,05-23-2020,2157,,51.2538,-85.3232,Ontario,19146,475.0
63,5239.0,,"Ontario, Canada",26897,Canada,05-24-2020,2181,,51.2538,-85.3232,Ontario,19477,337.0
64,5394.0,,"Ontario, Canada",27302,Canada,05-25-2020,2210,,51.2538,-85.3232,Ontario,19698,405.0
65,5431.0,,"Ontario, Canada",27624,Canada,05-26-2020,2235,,51.2538,-85.3232,Ontario,19958,322.0
66,5236.0,,"Ontario, Canada",27943,Canada,05-27-2020,2264,,51.2538,-85.3232,Ontario,20443,319.0
67,5247.0,,"Ontario, Canada",28320,Canada,05-28-2020,2292,,51.2538,-85.3232,Ontario,20781,377.0
68,5039.0,8.059233449477354,"Ontario, Canada",28700,Canada,05-29-2020,2313,195.08114117981404,51.2538,-85.3232,Ontario,21348,380.0
69,4937.0,8.035006718809221,"Ontario, Canada",29023,Canada,05-30-2020,2332,197.2766536746252,51.2538,-85.3232,Ontario,21754,323.0
70,4915.0,7.975501871384826,"Ontario, Canada",29390,Canada,05-31-2020,2344,199.77124527089669,51.2538,-85.3232,Ontario,22131,367.0
71,4987.0,7.884067683028983,"Ontario, Canada",29845,Canada,06-01-2020,2353,202.86399507008883,51.2538,-85.3232,Ontario,22505,455.0
72,5032.0,7.848904458177732,"Ontario, Canada",30259,Canada,06-02-2020,2375,205.6780575247384,51.2538,-85.3232,Ontario,22852,414.0
73,4942.0,7.816227167271182,"Ontario, Canada",30603,Canada,06-03-2020,2392,208.01631231797387,51.2538,-85.3232,Ontario,23269,344.0
74,4857.0,7.871776643184902,"Ontario, Canada",30946,Canada,06-04-2020,2436,210.34776985890326,51.2538,-85.3232,Ontario,23653,343.0
75,4824.0,7.799993622245608,"Ontario, Canada",31359,Canada,06-05-2020,2446,213.155035061247,51.2538,-85.3232,Ontario,24089,413.0
76,4717.0,7.852624920936116,"Ontario, Canada",31620,Canada,06-06-2020,2483,214.9291179130913,51.2538,-85.3232,Ontario,24420,261.0
77,4900.0,7.795363908275174,"Ontario, Canada",32096,Canada,06-07-2020,2502,218.1646100107077,51.2538,-85.3232,Ontario,24694,476.0
78,4869.0,7.791325821886094,"Ontario, Canada",32395,Canada,06-08-2020,2524,220.1969884501769,51.2538,-85.3232,Ontario,25002,299.0
79,4767.0,7.760572862476286,"Ontario, Canada",32678,Canada,06-09-2020,2536,222.1206108527513,51.2538,-85.3232,Ontario,25375,283.0
80,4428.0,7.748360456643188,"Ontario, Canada",32936,Canada,06-10-2020,2552,223.87430194767788,51.2538,-85.3232,Ontario,25956,258.0
81,4252.0,7.726162843276159,"Ontario, Canada",33173,Canada,06-11-2020,2563,225.48525074418012,51.2538,-85.3232,Ontario,26358,237.0
82,4107.0,7.708670381688537,"Ontario, Canada",33378,Canada,06-12-2020,2573,226.87868746689315,51.2538,-85.3232,Ontario,26698,205.0
83,4007.0,7.678810408921933,"Ontario, Canada",33625,Canada,06-13-2020,2582,228.55760878645455,51.2538,-85.3232,Ontario,27036,247.0
84,3859.0,7.6613618884221735,"Ontario, Canada",33806,Canada,06-14-2020,2590,229.78791145382561,51.2538,-85.3232,Ontario,27357,181.0
85,3770.0,7.588418760666157,"Ontario, Canada",33986,Canada,06-15-2020,2579,231.01141686889062,51.2538,-85.3232,Ontario,27637,180.0
86,3692.0,7.593492128518758,"Ontario, Canada",34174,Canada,06-16-2020,2595,232.28930030240286,51.2538,-85.3232,Ontario,27887,188.0
87,2728.0,7.58245593624571,"Ontario, Canada",34382,Canada,06-17-2020,2607,233.7031287820337,51.2538,-85.3232,Ontario,29047,208.0
88,2671.0,7.557702319662174,"Ontario, Canada",34574,Canada,06-18-2020,2613,235.00820122476966,51.2538,-85.3232,Ontario,29290,192.0
89,2590.0,7.547441058079356,"Ontario, Canada",34780,Canada,06-19-2020,2625,236.40843519978856,51.2538,-85.3232,Ontario,29565,206.0
90,2588.0,7.561922155005138,"Ontario, Canada",35044,Canada,06-20-2020,2650,238.20290980855066,51.2538,-85.3232,Ontario,29806,264.0
91,2478.0,7.544651730698242,"Ontario, Canada",35217,Canada,06-21-2020,2657,239.37883445747426,51.2538,-85.3232,Ontario,30082,173.0
92,2432.0,7.527246033090519,"Ontario, Canada",35418,Canada,06-22-2020,2666,240.74508217096354,51.2538,-85.3232,Ontario,30320,201.0
93,2443.0,7.504837759766666,"Ontario, Canada",35657,Canada,06-23-2020,2676,242.36962547207767,51.2538,-85.3232,Ontario,30538,239.0
94,2393.0,7.501185131479881,"Ontario, Canada",35861,Canada,06-24-2020,2690,243.7562649424847,51.2538,-85.3232,Ontario,30778,204.0
95,2371.0,7.498751595183933,"Ontario, Canada",36046,Canada,06-25-2020,2703,245.01375661907932,51.2538,-85.3232,Ontario,30972,185.0
96,2235.0,7.485270117009209,"Ontario, Canada",36151,Canada,06-26-2020,2706,245.7274681112006,51.2538,-85.3232,Ontario,31210,105.0
97,2207.0,7.463796046473213,"Ontario, Canada",36322,Canada,06-27-2020,2711,246.8897982555124,51.2538,-85.3232,Ontario,31404,171.0
98,2275.0,7.424105801021942,"Ontario, Canada",36597,Canada,06-28-2020,2717,248.75904263963955,51.2538,-85.3232,Ontario,31605,275.0
99,2381.0,7.402981832,"Ontario, Canada",36823,Canada,06-29-2020,2726,250.29522166077675,51.2538,-85.3232,Ontario,31716,226.0
100,2361.0,7.386163794269635,"Ontario, Canada",36961,Canada,06-30-2020,2730,251.23324247899328,51.2538,-85.3232,Ontario,31870,138.0
101,2356.0,7.372252932452474,"Ontario, Canada",37085,Canada,07-01-2020,2734,252.076101764927,51.2538,-85.3232,Ontario,31995,124.0
102,2250.0,7.349229364695772,"Ontario, Canada",37242,Canada,07-02-2020,2737,253.1432703769559,51.2538,-85.3232,Ontario,32255,157.0
103,2219.0,7.3248322506482735,"Ontario, Canada",37407,Canada,07-03-2020,2740,254.26481700743219,51.2538,-85.3232,Ontario,32448,165.0
104,2181.0,7.312458361092608,"Ontario, Canada",37525,Canada,07-04-2020,2744,255.0668927795304,51.2538,-85.3232,Ontario,32600,118.0
105,2111.0,7.284944094760045,"Ontario, Canada",37653,Canada,07-05-2020,2743,255.9369410746877,51.2538,-85.3232,Ontario,32799,128.0
106,2089.0,7.2510507811467395,"Ontario, Canada",37829,Canada,07-06-2020,2743,257.1332574805291,51.2538,-85.3232,Ontario,32997,176.0
107,2035.0,7.236859456180606,"Ontario, Canada",37917,Canada,07-07-2020,2744,257.73141568344977,51.2538,-85.3232,Ontario,33138,88.0
108,1968.0,7.216576065547937,"Ontario, Canada",38079,Canada,07-08-2020,2748,258.8325705570083,51.2538,-85.3232,Ontario,33363,162.0
109,1952.0,7.198952879581152,"Ontario, Canada",38200,Canada,07-09-2020,2750,259.65503808602426,51.2538,-85.3232,Ontario,33498,121.0
110,1843.0,7.201941392897216,"Ontario, Canada",38323,Canada,07-10-2020,2760,260.4911001196521,51.2538,-85.3232,Ontario,33720,123.0
111,1698.0,7.187874368456693,"Ontario, Canada",38398,Canada,07-11-2020,2760,261.0008940425958,51.2538,-85.3232,Ontario,33940,75.0
112,1696.0,7.182765520646553,"Ontario, Canada",38481,Canada,07-12-2020,2764,261.56506598398687,51.2538,-85.3232,Ontario,34021,83.0
113,1721.0,7.144332558739995,"Ontario, Canada",38730,Canada,07-13-2020,2767,263.2575818081602,51.2538,-85.3232,Ontario,34242,249.0
114,1717.0,7.1340238058432535,"Ontario, Canada",38814,Canada,07-14-2020,2769,263.8285510018572,51.2538,-85.3232,Ontario,34328,84.0
115,1638.0,7.138085204789557,"Ontario, Canada",38918,Canada,07-15-2020,2778,264.53546524167257,51.2538,-85.3232,Ontario,34502,104.0
116,1601.0,7.130599595317983,"Ontario, Canada",39043,Canada,07-16-2020,2784,265.3851217799122,51.2538,-85.3232,Ontario,34658,125.0
117,1620.0,7.123889286079053,"Ontario, Canada",39164,Canada,07-17-2020,2790,266.2075893089281,51.2538,-85.3232,Ontario,34754,121.0
118,1709.0,7.098891036728048,"Ontario, Canada",39316,Canada,07-18-2020,2791,267.2407716594275,51.2538,-85.3232,Ontario,34816,152.0
119,1720.0,7.085256377745093,"Ontario, Canada",39434,Canada,07-19-2020,2794,268.0428474315257,51.2538,-85.3232,Ontario,34920,118.0
120,1744.0,7.066467777412585,"Ontario, Canada",39553,Canada,07-20-2020,2795,268.8517204559297,51.2538,-85.3232,Ontario,35014,119.0
121,1824.0,7.044664887456569,"Ontario, Canada",39718,Canada,07-21-2020,2798,269.973267086406,51.2538,-85.3232,Ontario,35096,165.0
122,1766.0,7.028425070309361,"Ontario, Canada",39824,Canada,07-22-2020,2799,270.69377583083326,51.2538,-85.3232,Ontario,35259,106.0
123,1756.0,7.0087139423076925,"Ontario, Canada",39936,Canada,07-23-2020,2799,271.455068089096,51.2538,-85.3232,Ontario,35381,112.0
124,1774.0,6.9408294291167785,"Ontario, Canada",40341,Canada,07-24-2020,2800,274.20795527299225,51.2538,-85.3232,Ontario,35767,405.0
125,1775.0,6.925871913389528,"Ontario, Canada",40457,Canada,07-25-2020,2802,274.9964365404786,51.2538,-85.3232,Ontario,35880,116.0
126,1779.0,6.918487104886829,"Ontario, Canada",40558,Canada,07-26-2020,2806,275.6829590233762,51.2538,-85.3232,Ontario,35973,101.0
127,1818.0,6.901384210655718,"Ontario, Canada",40673,Canada,07-27-2020,2807,276.4646430385567,51.2538,-85.3232,Ontario,36048,115.0
128,1856.0,6.894353593056612,"Ontario, Canada",40787,Canada,07-28-2020,2812,277.2395298014312,51.2538,-85.3232,Ontario,36119,114.0
129,1792.0,6.8822939348714325,"Ontario, Canada",40873,Canada,07-29-2020,2813,277.8240934997401,51.2538,-85.3232,Ontario,36268,86.0
130,1749.0,6.876175127585281,"Ontario, Canada",40953,Canada,07-30-2020,2816,278.3678736842134,51.2538,-85.3232,Ontario,36388,80.0
131,1606.0,6.845888581281267,"Ontario, Canada",41178,Canada,07-31-2020,2819,279.8972554530447,51.2538,-85.3232,Ontario,36753,225.0
132,1563.0,6.8376275541120295,"Ontario, Canada",41257,Canada,08-01-2020,2821,280.4342383852121,51.2538,-85.3232,Ontario,36873,79.0
133,1525.0,6.82747441511625,"Ontario, Canada",41333,Canada,08-02-2020,2822,280.9508295604618,51.2538,-85.3232,Ontario,36986,76.0
134,1520.0,6.825155226981711,"Ontario, Canada",41391,Canada,08-03-2020,2825,281.345070194205,51.2538,-85.3232,Ontario,37046,58.0
135,1458.0,6.815278949270996,"Ontario, Canada",41495,Canada,08-04-2020,2828,282.0519844340203,51.2538,-85.3232,Ontario,37209,104.0
136,1395.0,6.807025986525503,"Ontario, Canada",41560,Canada,08-05-2020,2829,282.4938058339049,51.2538,-85.3232,Ontario,37336,65.0
137,1328.0,6.794764020655697,"Ontario, Canada",41635,Canada,08-06-2020,2829,283.0035997568487,51.2538,-85.3232,Ontario,37478,75.0
138,1269.0,6.7655147674279545,"Ontario, Canada",41815,Canada,08-07-2020,2829,284.2271051719137,51.2538,-85.3232,Ontario,37717,180.0
139,1243.0,6.757530911347687,"Ontario, Canada",41894,Canada,08-08-2020,2831,284.76408810408117,51.2538,-85.3232,Ontario,37820,79.0
140,1159.0,6.748963347790857,"Ontario, Canada",41962,Canada,08-09-2020,2832,285.22630126088364,51.2538,-85.3232,Ontario,37971,68.0
141,1174.0,6.729718169288533,"Ontario, Canada",42082,Canada,08-10-2020,2832,286.04197153759355,51.2538,-85.3232,Ontario,38076,120.0
142,1155.0,6.716948911341968,"Ontario, Canada",42162,Canada,08-11-2020,2832,286.5857517220669,51.2538,-85.3232,Ontario,38175,80.0
143,1104.0,6.708024530580353,"Ontario, Canada",42233,Canada,08-12-2020,2833,287.068356635787,51.2538,-85.3232,Ontario,38296,71.0
144,1083.0,6.697705196984378,"Ontario, Canada",42313,Canada,08-13-2020,2834,287.6121368202604,51.2538,-85.3232,Ontario,38396,80.0
145,1091.0,6.684428935207018,"Ontario, Canada",42412,Canada,08-14-2020,2835,288.28506479854616,51.2538,-85.3232,Ontario,38486,99.0
146,1077.0,6.672784169784241,"Ontario, Canada",42501,Canada,08-15-2020,2836,288.8900202537727,51.2538,-85.3232,Ontario,38588,89.0
147,1057.0,6.663064163710265,"Ontario, Canada",42563,Canada,08-16-2020,2836,289.3114498967396,51.2538,-85.3232,Ontario,38670,62.0
148,1061.0,6.643864498898936,"Ontario, Canada",42686,Canada,08-17-2020,2836,290.14751193036733,51.2538,-85.3232,Ontario,38789,123.0
149,1102.0,6.628504672999999,"Ontario, Canada",42800,Canada,08-18-2020,2837,290.9223987,51.2538,-85.3232,Ontario,38861,114.0
150,1101.0,6.614595476801119,"Ontario, Canada",42890,Canada,08-19-2020,2837,291.53415140077436,51.2538,-85.3232,Ontario,38952,90.0
151,1110.0,6.602610334318218,"Ontario, Canada",42983,Canada,08-20-2020,2838,292.1662958652246,51.2538,-85.3232,Ontario,39035,93.0
152,1155.0,6.587673329314103,"Ontario, Canada",43126,Canada,08-21-2020,2841,293.13830294497075,51.2538,-85.3232,Ontario,39130,143.0
153,1146.0,6.575963718820861,"Ontario, Canada",43218,Canada,08-22-2020,2842,293.7636501571152,51.2538,-85.3232,Ontario,39230,92.0
154,1162.0,6.5600258523186294,"Ontario, Canada",43323,Canada,08-23-2020,2842,294.4773616492364,51.2538,-85.3232,Ontario,39319,105.0
155,1183.0,6.542550743314768,"Ontario, Canada",43454,Canada,08-24-2020,2843,295.36780170131146,51.2538,-85.3232,Ontario,39428,131.0
156,1189.0,6.534071335063503,"Ontario, Canada",43541,Canada,08-25-2020,2845,295.95916265192625,51.2538,-85.3232,Ontario,39507,87.0
157,1182.0,6.523432131568098,"Ontario, Canada",43658,Canada,08-26-2020,2848,296.7544411717185,51.2538,-85.3232,Ontario,39628,117.0
158,1228.0,6.502134654459944,"Ontario, Canada",43801,Canada,08-27-2020,2848,297.7264482514646,51.2538,-85.3232,Ontario,39725,143.0
159,1246.0,6.500603383501447,"Ontario, Canada",43919,Canada,08-28-2020,2855,298.5285240235628,51.2538,-85.3232,Ontario,39818,118.0
160,1270.0,6.484277443523669,"Ontario, Canada",44045,Canada,08-29-2020,2856,299.3849778141083,51.2538,-85.3232,Ontario,39919,126.0
161,1287.0,6.469881974491992,"Ontario, Canada",44143,Canada,08-30-2020,2856,300.0511085400882,51.2538,-85.3232,Ontario,40000,98.0
162,1352.0,6.452268569750898,"Ontario, Canada",44279,Canada,08-31-2020,2857,300.9755348536929,51.2538,-85.3232,Ontario,40070,136.0
163,1368.0,6.4343284254131206,"Ontario, Canada",44418,Canada,09-01-2020,2858,301.9203529242153,51.2538,-85.3232,Ontario,40192,139.0
164,1393.0,6.412097280804093,"Ontario, Canada",44572,Canada,09-02-2020,2858,302.9671297793265,51.2538,-85.3232,Ontario,40321,154.0
165,1405.0,6.393112701252236,"Ontario, Canada",44720,Canada,09-03-2020,2859,303.97312312060217,51.2538,-85.3232,Ontario,40456,148.0
166,1424.0,6.37429769018104,"Ontario, Canada",44852,Canada,09-04-2020,2859,304.87036042498323,51.2538,-85.3232,Ontario,40569,132.0
167,1482.0,6.350651946955731,"Ontario, Canada",45019,Canada,09-05-2020,2859,306.00550156007137,51.2538,-85.3232,Ontario,40678,167.0
168,1503.0,6.335813623881655,"Ontario, Canada",45156,Canada,09-06-2020,2861,306.93672512598204,51.2538,-85.3232,Ontario,40792,137.0
169,1568.0,6.315928852010416,"Ontario, Canada",45314,Canada,09-07-2020,2862,308.0106909903168,51.2538,-85.3232,Ontario,40884,158.0
170,1633.0,6.283895048852783,"Ontario, Canada",45545,Canada,09-08-2020,2862,309.5808562729836,51.2538,-85.3232,Ontario,41050,231.0
171,1686.0,6.259294899833785,"Ontario, Canada",45724,Canada,09-09-2020,2862,310.79756443574274,51.2538,-85.3232,Ontario,41176,179.0
172,1707.0,6.239239871859133,"Ontario, Canada",45887,Canada,09-10-2020,2863,311.90551656160716,51.2538,-85.3232,Ontario,41317,163.0
173,1795.0,6.207988204171906,"Ontario, Canada",46118,Canada,09-11-2020,2863,313.475681844274,51.2538,-85.3232,Ontario,41460,231.0
174,1875.0,6.180515078902488,"Ontario, Canada",46323,Canada,09-12-2020,2863,314.8691185669869,51.2538,-85.3232,Ontario,41585,205.0
175,1947.0,6.1589760139999985,"Ontario, Canada",46485,Canada,09-13-2020,2863,315.9702734,51.2538,-85.3232,Ontario,41675,162.0
176,2171.0,6.108090821874001,"Ontario, Canada",46905,Canada,09-14-2020,2865,318.8251194090305,51.2538,-85.3232,Ontario,41869,420.0
177,2268.0,6.085020672108555,"Ontario, Canada",47165,Canada,09-15-2020,2870,320.59240500856896,51.2538,-85.3232,Ontario,42027,260.0
178,2410.0,6.047843666,"Ontario, Canada",47488,Canada,09-16-2020,2872,322.7879175,51.2538,-85.3232,Ontario,42206,323.0
179,2536.0,6.024576412999999,"Ontario, Canada",47688,Canada,09-17-2020,2873,324.14736800000014,51.2538,-85.3232,Ontario,42279,200.0
180,2814.0,5.962379975,"Ontario, Canada",48219,Canada,09-18-2020,2875,327.7567089,51.2538,-85.3232,Ontario,42530,531.0
181,2868.0,5.952356314,"Ontario, Canada",48317,Canada,09-19-2020,2876,328.4228397,51.2538,-85.3232,Ontario,42573,98.0
182,3206.0,5.8753830439999986,"Ontario, Canada",48950,Canada,09-20-2020,2876,332.7255004,51.2538,-85.3232,Ontario,42868,633.0
183,3470.0,5.822984507,"Ontario, Canada",49442,Canada,09-21-2020,2879,336.0697485,51.2538,-85.3232,Ontario,43093,492.0
184,3735.0,5.772465161,"Ontario, Canada",49944,Canada,09-22-2020,2883,339.4819692,51.2538,-85.3232,Ontario,43326,502.0
185,3727.0,5.738666879,"Ontario, Canada",50273,Canada,09-23-2020,2885,341.7182652,51.2538,-85.3232,Ontario,43661,329.0
186,3850.0,5.6974149339999975,"Ontario, Canada",50637,Canada,09-24-2020,2885,344.192465,51.2538,-85.3232,Ontario,43902,364.0
187,4002.0,5.640464371,"Ontario, Canada",51166,Canada,09-25-2020,2886,347.78821150000016,51.2538,-85.3232,Ontario,44278,529.0
188,4147.0,5.612473026,"Ontario, Canada",51439,Canada,09-26-2020,2887,349.64386139999993,51.2538,-85.3232,Ontario,44405,273.0
189,4371.0,5.539571105,"Ontario, Canada",52134,Canada,09-27-2020,2888,354.3679517,51.2538,-85.3232,Ontario,44875,695.0
190,4521.0,5.508207973459934,"Ontario, Canada",52449,Canada,09-28-2020,2889,356.5090861930337,51.2538,-85.3232,Ontario,45039,315.0
191,4771.0,5.4447896074555215,"Ontario, Canada",53115,Canada,09-29-2020,2892,361.0360562287743,51.2538,-85.3232,Ontario,45452,666.0
192,5075.0,5.3571098244510615,"Ontario, Canada",54059,Canada,09-30-2020,2896,367.45266240555986,51.2538,-85.3232,Ontario,46088,944.0
193,5153.0,5.30534560693959,"Ontario, Canada",54643,Canada,10-01-2020,2899,371.42225775221533,51.2538,-85.3232,Ontario,46591,584.0
194,5367.0,5.386907449209932,"Ontario, Canada",55375,Canada,10-02-2020,2983,376.3978464401464,51.2538,-85.3232,Ontario,47025,732.0
195,5428.0,5.390655956197543,"Ontario, Canada",55522,Canada,10-03-2020,2993,377.3970425291162,51.2538,-85.3232,Ontario,47101,147.0
196,5468.0,5.351584606677985,"Ontario, Canada",56544,Canada,10-04-2020,3026,384.34383438576316,51.2538,-85.3232,Ontario,48050,1022.0
197,5553.0,5.302421468255355,"Ontario, Canada",57238,Canada,10-05-2020,3035,389.0611274860697,51.2538,-85.3232,Ontario,48650,694.0
198,5445.0,5.256510078726533,"Ontario, Canada",57795,Canada,10-06-2020,3038,392.84719702046516,51.2538,-85.3232,Ontario,49312,557.0
199,5431.0,5.221470052575513,"Ontario, Canada",58202,Canada,10-07-2020,3039,395.6136787089734,51.2538,-85.3232,Ontario,49732,407.0
200,5407.0,5.165243664386468,"Ontario, Canada",58913,Canada,10-08-2020,3043,400.4465250984802,51.2538,-85.3232,Ontario,50463,711.0
201,5619.0,5.064048248018741,"Ontario, Canada",60189,Canada,10-09-2020,3048,409.11981904083024,51.2538,-85.3232,Ontario,51522,1276.0
202,5823.0,5.001800975801435,"Ontario, Canada",61078,Canada,10-10-2020,3055,415.1625763407904,51.2538,-85.3232,Ontario,52200,889.0
203,5535.0,4.9547650702033135,"Ontario, Canada",61678,Canada,10-11-2020,3056,419.2409277243405,51.2538,-85.3232,Ontario,53087,600.0
204,5535.0,4.9547650702033135,"Ontario, Canada",61678,Canada,10-12-2020,3056,419.2409277243405,51.2538,-85.3232,Ontario,53087,0.0
205,5799.0,4.848341232227488,"Ontario, Canada",63300,Canada,10-13-2020,3069,430.2660709645377,51.2538,-85.3232,Ontario,54432,1622.0
206,5830.0,4.791549647381888,"Ontario, Canada",64092,Canada,10-14-2020,3071,435.64949479082367,51.2538,-85.3232,Ontario,55191,792.0
207,5827.0,4.748094900194366,"Ontario, Canada",64826,Canada,10-15-2020,3078,440.6386779833668,51.2538,-85.3232,Ontario,55921,734.0
208,6006.0,4.69952837364978,"Ontario, Canada",65730,Canada,10-16-2020,3089,446.7833940679155,51.2538,-85.3232,Ontario,56635,904.0
209,6013.0,4.691129362826215,"Ontario, Canada",65869,Canada,10-17-2020,3090,447.72821213843804,51.2538,-85.3232,Ontario,56766,139.0
